,season,team,position,player_id
0,2024,SEA,OL,00-0022531
1,2024,NYJ,QB,00-0023459
2,2024,SEA,P,00-0023742
3,2024,ARI,K,00-0023853
4,2024,CHI,TE,00-0024243
5,2024,TEN,K,00-0025565
6,2024,CAR,LS,00-0026027
7,2024,ATL,QB,00-0026143
8,2024,IND,QB,00-0026158
9,2024,MIA,DL,00-0026190
10,2024,BAL,QB,00-0026300
11,2024,LA,QB,00-0026498
12,2024,NYG,K,00-0026858
13,2024,NYJ,P,00-0027114
14,2024,MIA,LS,00-0027187
15,2024,HOU,LS,00-0027224
16,2024,TEN,LS,00-0027557
17,2024,SF,OL,00-0027857
18,2024,PHI,DL,00-0027865
19,2024,BUF,DB,00-0027872
20,2024,HOU,DL,00-0027881
21,2024,DAL,DL,00-0027885
22,2024,BUF,DL,00-0027940
23,2024,NYJ,OL,00-0027947
24,2024,NO,DL,00-0027962
25,2024,PIT,DL,00-0027969
26,2024,CAR,QB,00-0027973
27,2024,NYJ,QB,00-0028118
28,2024,PHI,OL,00-0028129
29,2024,CIN,DL,00-0028171
30,2024,CHI,LS,00-0028284
31,2024,WAS,LB,00-0028292
32,2024,MIN,LS,00-0028394
33,2024,LAC,LS,00-0028845
34,2024,CAR,P,00-0028872
35,2024,CLE,DB,00-0028899
36,2024,SF,DB,00-0028924
37,2024,ARI,LS,00-0028946
38,2024,HOU,QB,00-0028986
39,2024,CLE,LS,00-0029008
40,2024,WAS,LB,00-0029255
41,2024,PIT,QB,00-0029263
42,2024,ARI,OL,00-0029316
43,2024,MIN,DB,00-0029542
44,2024,TB,LB,00-0029562
45,2024,DET,OL,00-0029592
46,2024,BAL,K,00-0029597
47,2024,ATL,QB,00-0029604
48,2024,MIN,DB,00-0029606
49,2024,NO,LB,00-0029607
50,2024,NYJ,K,00-0029621
51,2024,PHI,DL,00-0029653
52,2024,NYG,OL,00-0029685
53,2024,DAL,P,00-0029692
54,2024,LA,OL,00-0029709
55,2024,MIN,LS,00-0029714
56,2024,GB,K,00-0029822
57,2024,SF,RB,00-0029892
58,2024,TB,OL,00-0029895
59,2024,NYG,OL,00-0029963
60,2024,CAR,WR,00-0030035
61,2024,WAS,TE,00-0030061
62,2024,PHI,DB,00-0030062
63,2024,SEA,DL,00-0030063
64,2024,MIA,OL,00-0030067
65,2024,LV,DL,00-0030070
66,2024,BUF,DB,00-0030090
67,2024,BUF,P,00-0030092
68,2024,MIN,OL,00-0030097
69,2024,CLE,K,00-0030098
70,2024,MIA,DB,00-0030114
71,2024,WAS,P,00-0030140
72,2024,CHI,WR,00-0030279
73,2024,LAC,DB,00-0030294
74,2024,TB,DL,00-0030386
75,2024,HOU,WR,00-0030431
76,2024,NO,DB,00-0030459
77,2024,SF,DL,00-0030500
78,2024,KC,TE,00-0030506
79,2024,PHI,OL,00-0030561
80,2024,KC,WR,00-0030564
81,2024,SEA,QB,00-0030565
82,2024,PIT,RB,00-0030578
83,2024,KC,LS,00-0030615
84,2024,NO,OL,00-0030694
85,2024,WAS,OL,00-0030725
86,2024,KC,DL,00-0030757
87,2024,JAX,OL,00-0030827
88,2024,NYG,LS,00-0030957
89,2024,LAC,OL,00-0031019
90,2024,LAC,DL,00-0031040
91,2024,BUF,DL,00-0031054
92,2024,DEN,OL,00-0031067
93,2024,SF,P,00-0031079
94,2024,MIA,LB,00-0031101
95,2024,PIT,K,00-0031136
96,2024,WAS,LS,00-0031156
97,2024,BAL,DL,00-0031177
98,2024,CHI,K,00-0031203
99,2024,MIA,WR,00-0031235
100,2024,DAL,WR,00-0031236
101,2024,HOU,DL,00-0031254
102,2024,SF,TE,00-0031260
103,2024,CLE,DL,00-0031270
104,2024,ATL,OL,00-0031279
105,2024,NO,QB,00-0031280
106,2024,NYJ,LB,00-0031296
107,2024,HOU,DB,00-0031298
108,2024,CAR,TE,00-0031299
109,2024,NYJ,OL,00-0031330
110,2024,LA,QB,00-0031345
111,2024,DAL,DB,00-0031357
112,2024,BAL,LB,00-0031360
113,2024,CLE,LB,00-0031361
114,2024,CAR,LB,00-0031364
115,2024,WAS,WR,00-0031373
116,2024,NYJ,WR,00-0031381
117,2024,LA,DL,00-0031388
118,2024,DAL,OL,00-0031402
119,2024,TB,WR,00-0031408
120,2024,DAL,DL,00-0031411
121,2024,CLE,OL,00-0031426
122,2024,DET,WR,00-0031428
123,2024,NYG,TE,00-0031484
124,2024,SEA,K,00-0031492
125,2024,WAS,DL,00-0031500
126,2024,CLE,QB,00-0031503
127,2024,BUF,OL,00-0031534
128,2024,BUF,WR,00-0031544
129,2024,PHI,WR,00-0031547
130,2024,BAL,WR,00-0031549
131,2024,CAR,LB,00-0031550
132,2024,ATL,DL,00-0031551
133,2024,DAL,LB,00-0031554
134,2024,PIT,DB,00-0031555
135,2024,BUF,DL,00-0031557
136,2024,HOU,DL,00-0031565
137,2024,DET,DL,00-0031576
138,2024,HOU,OL,00-0031580
139,2024,IND,OL,00-0031581
140,2024,ATL,DL,00-0031583
141,2024,SF,DB,00-0031584
142,2024,PIT,TE,00-0031585
143,2024,MIN,DB,00-0031587
144,2024,HOU,WR,00-0031588
145,2024,DEN,RB,00-0031595
146,2024,TEN,DB,00-0031608
147,2024,NYG,TE,00-0031610
148,2024,WAS,OL,00-0031622
149,2024,MIA,RB,00-0031687
150,2024,LAC,TE,00-0031690
151,2024,NO,OL,00-0031734
152,2024,HOU,LB,00-0031740
153,2024,CHI,WR,00-0031763
154,2024,TB,DB,00-0031785
155,2024,CAR,DL,00-0031795
156,2024,LAC,QB,00-0031800
157,2024,NE,OL,00-0031852
158,2024,BUF,WR,00-0031868
159,2024,NO,OL,00-0031893
160,2024,DEN,LB,00-0031898
161,2024,PHI,LS,00-0031911
162,2024,MIA,OL,00-0031921
163,2024,SEA,DL,00-0031933
164,2024,PIT,DL,00-0031935
165,2024,JAX,OL,00-0031936
166,2024,WAS,DL,00-0031938
167,2024,WAS,WR,00-0031941
168,2024,NYG,DL,00-0031957
169,2024,WAS,LB,00-0032052
170,2024,JAX,OL,00-0032053
171,2024,ATL,P,00-0032065
172,2024,CIN,OL,00-0032071
173,2024,LAC,LB,00-0032103
174,2024,LV,RB,00-0032104
175,2024,ARI,DL,00-0032107
176,2024,DET,LB,00-0032109
177,2024,PIT,LB,00-0032127
178,2024,SF,WR,00-0032128
179,2024,CLE,LB,00-0032129
180,2024,PHI,TE,00-0032134
181,2024,CLE,TE,00-0032141
182,2024,SF,OL,00-0032145
183,2024,LAC,LB,00-0032146
184,2024,SF,OL,00-0032151
185,2024,TEN,QB,00-0032156
186,2024,SF,DL,00-0032162
187,2024,JAX,DL,00-0032164
188,2024,JAX,DB,00-0032195
189,2024,TB,LB,00-0032197
190,2024,LV,OL,00-0032203
191,2024,ATL,WR,00-0032208
192,2024,SEA,WR,00-0032211
193,2024,DAL,LB,00-0032215
194,2024,TEN,LB,00-0032221
195,2024,KC,OL,00-0032222
196,2024,NE,LS,00-0032228
197,2024,SEA,OL,00-0032234
198,2024,LA,OL,00-0032242
199,2024,HOU,DL,00-0032265
200,2024,WAS,QB,00-0032268
201,2024,SF,DB,00-0032320
202,2024,PIT,LB,00-0032366
203,2024,IND,DL,00-0032378
204,2024,LAC,DB,00-0032379
205,2024,HOU,OL,00-0032380
206,2024,DET,OL,00-0032381
207,2024,IND,OL,00-0032383
208,2024,CLE,OL,00-0032384
209,2024,TB,WR,00-0032385
210,2024,SEA,DL,00-0032387
211,2024,BUF,LB,00-0032388
212,2024,KC,OL,00-0032391
213,2024,NE,TE,00-0032392
214,2024,TEN,TE,00-0032394
215,2024,DET,OL,00-0032395
216,2024,ARI,WR,00-0032398
217,2024,PIT,DB,00-0032399
218,2024,SF,LB,00-0032401
219,2024,PIT,DL,00-0032412
220,2024,ATL,LB,00-0032415
221,2024,BUF,DL,00-0032416
222,2024,DET,DL,00-0032424
223,2024,NYJ,OL,00-0032432
224,2024,SF,QB,00-0032434
225,2024,WAS,QB,00-0032436
226,2024,MIN,LB,00-0032437
227,2024,PIT,LB,00-0032442
228,2024,CIN,OL,00-0032445
229,2024,DET,DL,00-0032463
230,2024,DET,WR,00-0032464
231,2024,SEA,OL,00-0032466
232,2024,BUF,LS,00-0032497
233,2024,CIN,DB,00-0032521
234,2024,CLE,OL,00-0032528
235,2024,DEN,K,00-0032569
236,2024,BAL,DL,00-0032574
237,2024,NE,DB,00-0032580
238,2024,SEA,DL,00-0032667
239,2024,LAC,DL,00-0032671
240,2024,MIA,WR,00-0032688
241,2024,SF,OL,00-0032701
242,2024,HOU,K,00-0032726
243,2024,IND,LS,00-0032753
244,2024,CIN,DL,00-0032759
245,2024,KC,DL,00-0032762
246,2024,BUF,DL,00-0032763
247,2024,BAL,RB,00-0032764
248,2024,LV,OL,00-0032768
249,2024,KC,DB,00-0032774
250,2024,LA,WR,00-0032775
251,2024,ATL,WR,00-0032791
252,2024,DET,QB,00-0032792
253,2024,NYJ,DB,00-0032803
254,2024,CAR,DL,00-0032889
255,2024,PHI,DB,00-0032890
256,2024,TEN,DB,00-0032891
257,2024,DAL,LB,00-0032892
258,2024,MIN,RB,00-0032918
259,2024,ATL,DB,00-0032933
260,2024,CIN,DB,00-0032939
261,2024,WAS,DB,00-0032942
262,2024,DEN,P,00-0032943
263,2024,KC,QB,00-0032950
264,2024,IND,WR,00-0032951
265,2024,PIT,OL,00-0032954
266,2024,BAL,OL,00-0032965
267,2024,ATL,DB,00-0032971
268,2024,CLE,WR,00-0032977
269,2024,TEN,WR,00-0033009
270,2024,WAS,DL,00-0033010
271,2024,NYJ,OL,00-0033011
272,2024,HOU,DB,00-0033038
273,2024,MIA,WR,00-0033040
274,2024,DAL,RB,00-0033045
275,2024,MIN,LB,00-0033046
276,2024,CAR,DB,00-0033047
277,2024,ATL,DL,00-0033051
278,2024,MIA,DB,00-0033055
279,2024,CLE,OL,00-0033057
280,2024,NO,LS,00-0033063
281,2024,IND,DL,00-0033064
282,2024,PHI,OL,00-0033065
283,2024,CHI,DL,00-0033066
284,2024,SF,DL,00-0033072
285,2024,MIA,DL,00-0033073
286,2024,DAL,QB,00-0033077
287,2024,NO,OL,00-0033082
288,2024,MIA,DB,00-0033084
289,2024,NE,TE,00-0033090
290,2024,MIN,DL,00-0033093
291,2024,CAR,DL,00-0033096
292,2024,SEA,DB,00-0033103
293,2024,DET,QB,00-0033106
294,2024,SF,DL,00-0033109
295,2024,LA,TE,00-0033110
296,2024,NE,QB,00-0033119
297,2024,GB,DL,00-0033120
298,2024,NE,DL,00-0033123
299,2024,SF,DL,00-0033131
300,2024,CHI,DB,00-0033132
301,2024,LAC,DL,00-0033156
302,2024,MIA,LS,00-0033196
303,2024,SF,LS,00-0033199
304,2024,IND,TE,00-0033217
305,2024,TEN,OL,00-0033221
306,2024,MIN,TE,00-0033246
307,2024,ARI,WR,00-0033251
308,2024,NYJ,LS,00-0033260
309,2024,IND,P,00-0033269
310,2024,SEA,QB,00-0033275
311,2024,SF,RB,00-0033280
312,2024,BAL,DB,00-0033281
313,2024,BUF,WR,00-0033282
314,2024,MIA,LB,00-0033283
315,2024,CAR,OL,00-0033284
316,2024,SF,TE,00-0033288
317,2024,NYG,OL,00-0033290
318,2024,SF,WR,00-0033292
319,2024,MIN,RB,00-0033293
320,2024,NYJ,DB,00-0033294
321,2024,DEN,DL,00-0033297
322,2024,LA,OL,00-0033300
323,2024,CHI,DB,00-0033302
324,2024,KC,K,00-0033303
325,2024,NE,WR,00-0033307
326,2024,SF,RB,00-0033308
327,2024,MIN,QB,00-0033319
328,2024,CHI,OL,00-0033326
329,2024,GB,LB,00-0033336
330,2024,BAL,DL,00-0033347
331,2024,NO,TE,00-0033357
332,2024,DET,WR,00-0033375
333,2024,BAL,RB,00-0033376
334,2024,LV,DL,00-0033381
335,2024,CAR,TE,00-0033387
336,2024,IND,DB,00-0033393
337,2024,JAX,P,00-0033400
338,2024,SEA,TE,00-0033439
339,2024,BUF,LB,00-0033445
340,2024,KC,TE,00-0033455
341,2024,PHI,WR,00-0033460
342,2024,NE,LB,00-0033461
343,2024,DAL,DL,00-0033463
344,2024,NYG,WR,00-0033466
345,2024,BAL,DB,00-0033503
346,2024,CLE,OL,00-0033505
347,2024,MIA,OL,00-0033511
348,2024,PIT,DB,00-0033512
349,2024,WAS,DL,00-0033523
350,2024,ATL,DB,00-0033524
351,2024,KC,RB,00-0033526
352,2024,PIT,WR,00-0033536
353,2024,CLE,QB,00-0033537
354,2024,DEN,OL,00-0033538
355,2024,NYJ,DL,00-0033540
356,2024,CLE,DL,00-0033546
357,2024,DEN,LB,00-0033547
358,2024,TEN,DB,00-0033548
359,2024,MIA,LB,00-0033549
360,2024,BUF,DB,00-0033551
361,2024,ARI,RB,00-0033553
362,2024,BUF,WR,00-0033555
363,2024,NYJ,RB,00-0033556
364,2024,DET,LB,00-0033557
365,2024,ATL,OL,00-0033560
366,2024,DAL,DL,00-0033563
367,2024,BAL,DB,00-0033566
368,2024,MIA,LB,00-0033570
369,2024,BUF,LB,00-0033571
370,2024,PIT,WR,00-0033572
371,2024,SF,TE,00-0033576
372,2024,CAR,DB,00-0033579
373,2024,JAX,DL,00-0033582
374,2024,CAR,WR,00-0033589
375,2024,WAS,WR,00-0033591
376,2024,DET,DL,00-0033595
377,2024,BUF,DL,00-0033598
378,2024,DAL,QB,00-0033662
379,2024,ATL,OL,00-0033676
380,2024,WAS,DB,00-0033697
381,2024,WAS,RB,00-0033699
382,2024,ATL,K,00-0033702
383,2024,MIN,LB,00-0033716
384,2024,PIT,P,00-0033729
385,2024,SF,DL,00-0033746
386,2024,ATL,OL,00-0033752
387,2024,MIN,TE,00-0033757
388,2024,TEN,DB,00-0033770
389,2024,CHI,DL,00-0033782
390,2024,LA,DB,00-0033783
391,2024,BAL,DB,00-0033784
392,2024,PHI,K,00-0033787
393,2024,CAR,DB,00-0033792
394,2024,TEN,OL,00-0033793
395,2024,WAS,OL,00-0033831
396,2024,HOU,RB,00-0033854
397,2024,KC,WR,00-0033857
398,2024,MIA,TE,00-0033858
399,2024,NE,DL,00-0033860
400,2024,WAS,K,00-0033862
401,2024,DET,OL,00-0033863
402,2024,CLE,DL,00-0033868
403,2024,BUF,QB,00-0033869
404,2024,NYJ,DL,00-0033870
405,2024,DET,DB,00-0033872
406,2024,KC,QB,00-0033873
407,2024,WAS,DB,00-0033874
408,2024,NYJ,LB,00-0033875
409,2024,HOU,DL,00-0033876
410,2024,DAL,DB,00-0033877
411,2024,NYG,DB,00-0033878
412,2024,PHI,DL,00-0033880
413,2024,JAX,TE,00-0033881
414,2024,NE,DB,00-0033883
415,2024,BAL,DB,00-0033884
416,2024,CLE,TE,00-0033885
417,2024,PIT,LB,00-0033886
418,2024,NO,OL,00-0033888
419,2024,MIN,OL,00-0033889
420,2024,ARI,DB,00-0033890
421,2024,ARI,WR,00-0033891
422,2024,LAC,DB,00-0033892
423,2024,DAL,RB,00-0033893
424,2024,BAL,DB,00-0033894
425,2024,CHI,TE,00-0033895
426,2024,HOU,RB,00-0033897
427,2024,CLE,OL,00-0033901
428,2024,NO,DL,00-0033902
429,2024,BUF,OL,00-0033904
430,2024,PIT,DL,00-0033905
431,2024,NO,RB,00-0033906
432,2024,BUF,DL,00-0033907
433,2024,LA,WR,00-0033908
434,2024,MIN,OL,00-0033910
435,2024,BAL,DL,00-0033913
436,2024,DET,LB,00-0033914
437,2024,MIN,DB,00-0033918
438,2024,IND,DL,00-0033920
439,2024,TB,WR,00-0033921
440,2024,KC,RB,00-0033923
441,2024,CLE,RB,00-0033925
442,2024,MIN,DB,00-0033926
443,2024,LA,DB,00-0033927
444,2024,DAL,DB,00-0033928
445,2024,PIT,DL,00-0033929
446,2024,PIT,DB,00-0033930
447,2024,CIN,DL,00-0033935
448,2024,JAX,QB,00-0033936
449,2024,SEA,DB,00-0033941
450,2024,JAX,WR,00-0033943
451,2024,IND,DL,00-0033945
452,2024,HOU,OL,00-0033946
453,2024,NE,DL,00-0033947
454,2024,NO,RB,00-0033948
455,2024,SF,QB,00-0033949
456,2024,IND,DL,00-0033952
457,2024,WAS,RB,00-0033955
458,2024,ATL,QB,00-0033958
459,2024,NYJ,DL,00-0033963
460,2024,DET,DL,00-0033964
461,2024,CLE,OL,00-0033995
462,2024,PIT,LS,00-0034051
463,2024,MIA,WR,00-0034054
464,2024,CHI,LS,00-0034067
465,2024,ATL,TE,00-0034073
466,2024,DET,K,00-0034084
467,2024,SF,DB,00-0034091
468,2024,DET,DB,00-0034096
469,2024,CAR,WR,00-0034104
470,2024,NYG,OL,00-0034112
471,2024,CHI,OL,00-0034114
472,2024,MIA,RB,00-0034115
473,2024,NO,DB,00-0034116
474,2024,NO,DL,00-0034125
475,2024,IND,DB,00-0034145
476,2024,MIN,OL,00-0034158
477,2024,LAC,TE,00-0034159
478,2024,SEA,P,00-0034160
479,2024,LV,K,00-0034161
480,2024,LAC,P,00-0034162
481,2024,CHI,DL,00-0034163
482,2024,CAR,K,00-0034173
483,2024,NYG,QB,00-0034177
484,2024,LAC,RB,00-0034184
485,2024,NO,TE,00-0034193
486,2024,DAL,LS,00-0034198
487,2024,LA,DB,00-0034203
488,2024,CAR,RB,00-0034208
489,2024,DAL,OL,00-0034229
490,2024,LAC,DL,00-0034234
491,2024,MIA,DB,00-0034248
492,2024,NE,DL,00-0034251
493,2024,CAR,OL,00-0034261
494,2024,CHI,DB,00-0034263
495,2024,WAS,DL,00-0034264
496,2024,PIT,DB,00-0034265
497,2024,NYJ,TE,00-0034270
498,2024,NO,WR,00-0034272
499,2024,PHI,DB,00-0034274
500,2024,HOU,DL,00-0034275
501,2024,PIT,DB,00-0034277
502,2024,DEN,DB,00-0034278
503,2024,NO,WR,00-0034279
504,2024,LAC,OL,00-0034281
505,2024,MIA,DL,00-0034285
506,2024,DET,LB,00-0034296
507,2024,WAS,WR,00-0034297
508,2024,WAS,LB,00-0034302
509,2024,DET,DB,00-0034310
510,2024,BAL,WR,00-0034317
511,2024,ATL,DL,00-0034320
512,2024,WAS,DL,00-0034325
513,2024,WAS,DL,00-0034333
514,2024,NYG,DB,00-0034337
515,2024,IND,OL,00-0034342
516,2024,DET,LB,00-0034344
517,2024,DET,OL,00-0034345
518,2024,ARI,OL,00-0034346
519,2024,PIT,OL,00-0034347
520,2024,DEN,WR,00-0034348
521,2024,SEA,LB,00-0034350
522,2024,PHI,TE,00-0034351
523,2024,SEA,OL,00-0034352
524,2024,BAL,WR,00-0034353
525,2024,HOU,DB,00-0034355
526,2024,PIT,DB,00-0034356
527,2024,NYJ,DB,00-0034357
528,2024,IND,DL,00-0034359
529,2024,ATL,LB,00-0034360
530,2024,KC,DB,00-0034361
531,2024,BAL,DL,00-0034363
532,2024,CLE,TE,00-0034364
533,2024,CAR,TE,00-0034365
534,2024,CLE,RB,00-0034367
535,2024,CAR,LB,00-0034368
536,2024,MIA,DL,00-0034371
537,2024,DET,LB,00-0034372
538,2024,WAS,DL,00-0034373
539,2024,TB,DB,00-0034374
540,2024,ARI,LB,00-0034375
541,2024,BUF,DB,00-0034376
542,2024,PHI,DB,00-0034377
543,2024,PHI,LB,00-0034381
544,2024,CAR,LB,00-0034382
545,2024,HOU,TE,00-0034383
546,2024,NYJ,DB,00-0034384
547,2024,NE,LB,00-0034385
548,2024,KC,WR,00-0034386
549,2024,ARI,DL,00-0034387
550,2024,ATL,DB,00-0034389
551,2024,MIA,DB,00-0034391
552,2024,HOU,OL,00-0034392
553,2024,DET,WR,00-0034395
554,2024,HOU,DL,00-0034397
555,2024,CLE,OL,00-0034399
556,2024,BUF,QB,00-0034401
557,2024,BUF,WR,00-0034406
558,2024,ATL,WR,00-0034407
559,2024,SF,WR,00-0034411
560,2024,JAX,LB,00-0034413
561,2024,PIT,RB,00-0034414
562,2024,CHI,OL,00-0034417
563,2024,NO,WR,00-0034418
564,2024,MIA,WR,00-0034419
565,2024,NYG,LB,00-0034424
566,2024,PHI,OL,00-0034429
567,2024,DEN,LB,00-0034430
568,2024,IND,LB,00-0034431
569,2024,HOU,RB,00-0034433
570,2024,ARI,DB,00-0034435
571,2024,BUF,OL,00-0034436
572,2024,JAX,P,00-0034437
573,2024,CIN,QB,00-0034438
574,2024,PHI,OL,00-0034445
575,2024,CIN,DB,00-0034446
576,2024,NYG,K,00-0034450
577,2024,NYJ,DL,00-0034461
578,2024,WAS,DB,00-0034465
579,2024,ARI,LB,00-0034473
580,2024,LAC,LB,00-0034474
581,2024,DET,K,00-0034479
582,2024,CHI,DB,00-0034485
583,2024,MIN,WR,00-0034487
584,2024,TB,DB,00-0034488
585,2024,DET,LB,00-0034490
586,2024,ARI,OL,00-0034495
587,2024,CAR,LB,00-0034500
588,2024,CAR,OL,00-0034505
589,2024,DEN,DB,00-0034514
590,2024,DAL,DB,00-0034515
591,2024,NO,DB,00-0034516
592,2024,NYJ,WR,00-0034521
593,2024,TB,DB,00-0034527
594,2024,CLE,DB,00-0034540
595,2024,LV,DB,00-0034545
596,2024,WAS,OL,00-0034571
597,2024,SF,DB,00-0034573
598,2024,TB,TE,00-0034575
599,2024,PIT,QB,00-0034577
600,2024,TEN,DL,00-0034587
601,2024,ATL,DL,00-0034612
602,2024,CIN,TE,00-0034613
603,2024,ARI,DB,00-0034623
604,2024,ATL,OL,00-0034628
605,2024,CLE,DB,00-0034639
606,2024,MIN,WR,00-0034646
607,2024,DAL,WR,00-0034653
608,2024,MIA,DL,00-0034657
609,2024,NYG,OL,00-0034668
610,2024,CHI,LB,00-0034673
611,2024,ATL,DB,00-0034675
612,2024,ARI,DL,00-0034677
613,2024,CIN,OL,00-0034678
614,2024,TB,RB,00-0034681
615,2024,IND,DL,00-0034682
616,2024,LV,LB,00-0034720
617,2024,CLE,P,00-0034721
618,2024,CAR,DL,00-0034723
619,2024,GB,DB,00-0034728
620,2024,DET,OL,00-0034729
621,2024,GB,WR,00-0034732
622,2024,LAC,QB,00-0034737
623,2024,ATL,LB,00-0034743
624,2024,SF,DB,00-0034745
625,2024,CLE,DL,00-0034746
626,2024,CAR,RB,00-0034750
627,2024,CIN,OL,00-0034752
628,2024,BAL,TE,00-0034753
629,2024,PHI,LB,00-0034754
630,2024,IND,DB,00-0034756
631,2024,LV,OL,00-0034759
632,2024,NO,DL,00-0034760
633,2024,ATL,OL,00-0034763
634,2024,LV,WR,00-0034764
635,2024,DET,WR,00-0034765
636,2024,NE,OL,00-0034768
637,2024,TEN,QB,00-0034771
638,2024,TB,DL,00-0034773
639,2024,JAX,DL,00-0034774
640,2024,JAX,WR,00-0034775
641,2024,LAC,WR,00-0034777
642,2024,DET,DB,00-0034778
643,2024,IND,DB,00-0034779
644,2024,SF,DB,00-0034780
645,2024,MIN,DL,00-0034782
646,2024,BAL,LB,00-0034787
647,2024,PIT,DB,00-0034789
648,2024,LAC,DB,00-0034790
649,2024,CLE,RB,00-0034791
650,2024,LV,DB,00-0034792
651,2024,MIA,K,00-0034794
652,2024,BAL,QB,00-0034796
653,2024,TEN,LB,00-0034797
654,2024,MIA,TE,00-0034798
655,2024,CIN,DL,00-0034800
656,2024,ATL,LB,00-0034801
657,2024,LA,OL,00-0034803
658,2024,CLE,OL,00-0034804
659,2024,DEN,DL,00-0034805
660,2024,CLE,DL,00-0034807
661,2024,LAC,RB,00-0034808
662,2024,TEN,DL,00-0034810
663,2024,SF,LB,00-0034815
664,2024,CLE,OL,00-0034817
665,2024,KC,DL,00-0034818
666,2024,TEN,LB,00-0034825
667,2024,CHI,WR,00-0034827
668,2024,TEN,LB,00-0034828
669,2024,CIN,TE,00-0034829
670,2024,LAC,TE,00-0034830
671,2024,MIA,LB,00-0034832
672,2024,MIA,OL,00-0034833
673,2024,CIN,DL,00-0034834
674,2024,IND,OL,00-0034836
675,2024,TEN,WR,00-0034837
676,2024,CLE,RB,00-0034838
677,2024,IND,DL,00-0034842
678,2024,ATL,DB,00-0034843
679,2024,PHI,RB,00-0034844
680,2024,DEN,OL,00-0034847
681,2024,ATL,WR,00-0034854
682,2024,TB,QB,00-0034855
683,2024,CLE,DB,00-0034856
684,2024,BUF,QB,00-0034857
685,2024,PIT,DB,00-0034858
686,2024,NO,WR,00-0034860
687,2024,SF,WR,00-0034867
688,2024,MIN,QB,00-0034869
689,2024,BAL,LB,00-0034874
690,2024,JAX,QB,00-0034899
691,2024,NYJ,LB,00-0034902
692,2024,JAX,DB,00-0034903
693,2024,HOU,WR,00-0034928
694,2024,DEN,OL,00-0034929
695,2024,PIT,OL,00-0034937
696,2024,SF,P,00-0034941
697,2024,PHI,OL,00-0034951
698,2024,MIN,QB,00-0034955
699,2024,PIT,OL,00-0034957
700,2024,HOU,RB,00-0034959
701,2024,LV,WR,00-0034960
702,2024,HOU,DB,00-0034966
703,2024,GB,DL,00-0034967
704,2024,JAX,DB,00-0034968
705,2024,HOU,TE,00-0034970
706,2024,LV,RB,00-0034972
707,2024,LV,DL,00-0034973
708,2024,SEA,DB,00-0034974
709,2024,BAL,RB,00-0034975
710,2024,WAS,DB,00-0034977
711,2024,DEN,OL,00-0034978
712,2024,NO,TE,00-0034981
713,2024,SF,LB,00-0034982
714,2024,IND,LB,00-0034987
715,2024,TB,OL,00-0034989
716,2024,HOU,DB,00-0034990
717,2024,NYG,DL,00-0034992
718,2024,LV,DB,00-0034993
719,2024,NO,OL,00-0034994
720,2024,NYG,LB,00-0034999
721,2024,MIA,LB,00-0035000
722,2024,ARI,OL,00-0035003
723,2024,SF,LB,00-0035020
724,2024,IND,WR,00-0035021
725,2024,SF,DL,00-0035026
726,2024,CHI,TE,00-0035039
727,2024,NYG,P,00-0035042
728,2024,IND,WR,00-0035045
729,2024,MIA,DL,00-0035048
730,2024,LAC,OL,00-0035062
731,2024,DET,DL,00-0035063
732,2024,CAR,DL,00-0035073
733,2024,NYG,LB,00-0035076
734,2024,CAR,OL,00-0035084
735,2024,ATL,DB,00-0035098
736,2024,PHI,RB,00-0035099
737,2024,CIN,QB,00-0035100
738,2024,WAS,WR,00-0035101
739,2024,PIT,DB,00-0035108
740,2024,BAL,OL,00-0035112
741,2024,NE,OL,00-0035117
742,2024,GB,LS,00-0035118
743,2024,MIA,RB,00-0035125
744,2024,LV,OL,00-0035127
745,2024,GB,DB,00-0035133
746,2024,NYJ,DB,00-0035139
747,2024,KC,WR,00-0035140
748,2024,NO,DB,00-0035142
749,2024,ARI,LB,00-0035144
750,2024,WAS,K,00-0035145
751,2024,WAS,QB,00-0035146
752,2024,WAS,OL,00-0035149
753,2024,HOU,DB,00-0035150
754,2024,DET,P,00-0035156
755,2024,DAL,LB,00-0035157
756,2024,TB,WR,00-0035164
757,2024,HOU,LB,00-0035166
758,2024,DAL,LB,00-0035177
759,2024,DAL,DL,00-0035179
760,2024,KC,K,00-0035189
761,2024,LV,P,00-0035190
762,2024,NE,K,00-0035192
763,2024,HOU,LB,00-0035202
764,2024,WAS,WR,00-0035208
765,2024,BAL,WR,00-0035215
766,2024,BAL,WR,00-0035216
767,2024,KC,DL,00-0035219
768,2024,LV,TE,00-0035222
769,2024,DEN,DB,00-0035227
770,2024,ARI,QB,00-0035228
771,2024,MIN,TE,00-0035229
772,2024,BUF,DL,00-0035230
773,2024,LV,DL,00-0035231
774,2024,GB,OL,00-0035233
775,2024,HOU,OL,00-0035234
776,2024,ATL,OL,00-0035235
777,2024,MIN,DB,00-0035236
778,2024,KC,OL,00-0035237
779,2024,CIN,OL,00-0035238
780,2024,ARI,DB,00-0035239
781,2024,NE,LB,00-0035240
782,2024,NO,DB,00-0035241
783,2024,NO,OL,00-0035242
784,2024,CAR,RB,00-0035243
785,2024,CAR,DB,00-0035244
786,2024,PIT,OL,00-0035245
787,2024,IND,DL,00-0035247
788,2024,DEN,DL,00-0035248
789,2024,MIN,TE,00-0035249
790,2024,NYG,RB,00-0035250
791,2024,DAL,QB,00-0035251
792,2024,NYG,OL,00-0035252
793,2024,PHI,DB,00-0035253
794,2024,TB,LB,00-0035254
795,2024,NYJ,DB,00-0035255
796,2024,ARI,OL,00-0035258
797,2024,LV,TE,00-0035259
798,2024,TEN,RB,00-0035261
799,2024,KC,LB,00-0035262
800,2024,DEN,QB,00-0035264
801,2024,DET,DL,00-0035265
802,2024,NE,OL,00-0035266
803,2024,IND,K,00-0035269
804,2024,DAL,DB,00-0035270
805,2024,MIN,LB,00-0035272
806,2024,MIN,LB,00-0035276
807,2024,CAR,DB,00-0035277
808,2024,CHI,DL,00-0035278
809,2024,KC,DL,00-0035279
810,2024,MIA,P,00-0035280
811,2024,LAC,QB,00-0035282
812,2024,PIT,LB,00-0035286
813,2024,LV,QB,00-0035289
814,2024,CIN,RB,00-0035291
815,2024,DET,LB,00-0035292
816,2024,TEN,OL,00-0035295
817,2024,DAL,WR,00-0035297
818,2024,PIT,WR,00-0035298
819,2024,JAX,OL,00-0035300
820,2024,DAL,DB,00-0035301
821,2024,CHI,TE,00-0035308
822,2024,MIN,RB,00-0035311
823,2024,ATL,LB,00-0035316
824,2024,NYG,OL,00-0035317
825,2024,DET,DB,00-0035327
826,2024,NYG,OL,00-0035328
827,2024,DEN,TE,00-0035329
828,2024,JAX,LB,00-0035330
829,2024,LA,DL,00-0035334
830,2024,CIN,WR,00-0035341
831,2024,HOU,TE,00-0035345
832,2024,MIA,DB,00-0035346
833,2024,MIA,LB,00-0035352
834,2024,JAX,OL,00-0035355
835,2024,NYG,TE,00-0035356
836,2024,BUF,DB,00-0035357
837,2024,TB,K,00-0035358
838,2024,DEN,WR,00-0035359
839,2024,NE,LB,00-0035363
840,2024,NYJ,DB,00-0035365
841,2024,JAX,DB,00-0035378
842,2024,CHI,OL,00-0035382
843,2024,PIT,OL,00-0035383
844,2024,TB,OL,00-0035384
845,2024,CHI,LB,00-0035386
846,2024,TEN,WR,00-0035399
847,2024,JAX,OL,00-0035400
848,2024,NO,DL,00-0035402
849,2024,DEN,WR,00-0035406
850,2024,BAL,LS,00-0035408
851,2024,CAR,DL,00-0035409
852,2024,NO,LB,00-0035412
853,2024,TEN,LB,00-0035413
854,2024,LV,WR,00-0035414
855,2024,PIT,TE,00-0035436
856,2024,NO,DB,00-0035437
857,2024,MIN,LB,00-0035444
858,2024,DAL,DL,00-0035455
859,2024,DAL,WR,00-0035457
860,2024,CAR,DL,00-0035462
861,2024,NYJ,OL,00-0035468
862,2024,ATL,DB,00-0035470
863,2024,NYJ,WR,00-0035480
864,2024,CIN,DB,00-0035485
865,2024,BUF,DB,00-0035499
866,2024,ARI,WR,00-0035500
867,2024,ARI,WR,00-0035510
868,2024,MIA,DL,00-0035519
869,2024,CLE,LB,00-0035525
870,2024,GB,OL,00-0035526
871,2024,PIT,WR,00-0035527
872,2024,CIN,WR,00-0035529
873,2024,SF,DL,00-0035531
874,2024,NYG,WR,00-0035535
875,2024,BUF,RB,00-0035537
876,2024,DAL,DB,00-0035542
877,2024,DET,WR,00-0035544
878,2024,KC,TE,00-0035547
879,2024,CAR,TE,00-0035562
880,2024,DET,RB,00-0035567
881,2024,DET,TE,00-0035572
882,2024,MIN,OL,00-0035588
883,2024,WAS,LB,00-0035591
884,2024,IND,WR,00-0035593
885,2024,CHI,RB,00-0035594
886,2024,LV,WR,00-0035602
887,2024,LA,LB,00-0035617
888,2024,CHI,WR,00-0035621
889,2024,TEN,OL,00-0035623
890,2024,SEA,TE,00-0035624
891,2024,CLE,DB,00-0035625
892,2024,JAX,RB,00-0035628
893,2024,ARI,OL,00-0035629
894,2024,ATL,OL,00-0035630
895,2024,CIN,TE,00-0035631
896,2024,TEN,DB,00-0035632
897,2024,GB,DB,00-0035633
898,2024,ARI,DL,00-0035636
899,2024,SF,DB,00-0035637
900,2024,PHI,WR,00-0035639
901,2024,SEA,WR,00-0035640
902,2024,JAX,DL,00-0035642
903,2024,TEN,DL,00-0035643
904,2024,SEA,TE,00-0035644
905,2024,NYG,WR,00-0035645
906,2024,NE,LB,00-0035646
907,2024,CHI,DL,00-0035647
908,2024,CHI,OL,00-0035649
909,2024,NO,DB,00-0035655
910,2024,NO,DL,00-0035656
911,2024,WAS,WR,00-0035659
912,2024,KC,WR,00-0035662
913,2024,BUF,DB,00-0035663
914,2024,IND,DB,00-0035665
915,2024,TB,DL,00-0035667
916,2024,BUF,OL,00-0035668
917,2024,CAR,DB,00-0035669
918,2024,DEN,LB,00-0035672
919,2024,MIN,DL,00-0035674
920,2024,PHI,WR,00-0035676
921,2024,SEA,DL,00-0035678
922,2024,BUF,OL,00-0035679
923,2024,NYJ,LB,00-0035680
924,2024,TB,DB,00-0035681
925,2024,NYG,DL,00-0035683
926,2024,DET,RB,00-0035685
927,2024,WAS,OL,00-0035686
928,2024,NYG,LB,00-0035687
929,2024,LAC,OL,00-0035688
930,2024,BUF,TE,00-0035689
931,2024,WAS,DL,00-0035692
932,2024,NO,DB,00-0035693
933,2024,BAL,DB,00-0035695
934,2024,NYG,DB,00-0035696
935,2024,CIN,LB,00-0035697
936,2024,DAL,OL,00-0035698
937,2024,TB,DB,00-0035699
938,2024,GB,RB,00-0035700
939,2024,SEA,WR,00-0035701
940,2024,MIN,OL,00-0035702
941,2024,SEA,WR,00-0035703
942,2024,NYG,QB,00-0035704
943,2024,ARI,DB,00-0035705
944,2024,HOU,LB,00-0035707
945,2024,NE,LB,00-0035708
946,2024,MIN,QB,00-0035710
947,2024,NYG,LB,00-0035713
948,2024,SF,DL,00-0035717
949,2024,NYJ,DL,00-0035718
950,2024,SF,WR,00-0035719
951,2024,NYG,RB,00-0035726
952,2024,PHI,OL,00-0035743
953,2024,LV,LS,00-0035757
954,2024,DEN,DL,00-0035763
955,2024,DEN,OL,00-0035764
956,2024,BAL,TE,00-0035769
957,2024,NE,TE,00-0035771
958,2024,JAX,DB,00-0035783
959,2024,PIT,DB,00-0035795
960,2024,DEN,LB,00-0035804
961,2024,NE,RB,00-0035806
962,2024,NO,DL,00-0035816
963,2024,PIT,P,00-0035821
964,2024,JAX,LS,00-0035827
965,2024,CHI,OL,00-0035829
966,2024,NO,RB,00-0035831
967,2024,MIA,DL,00-0035841
968,2024,BUF,DL,00-0035850
969,2024,ARI,OL,00-0035853
970,2024,CHI,DL,00-0035857
971,2024,ARI,P,00-0035859
972,2024,ARI,RB,00-0035860
973,2024,DET,DB,00-0035862
974,2024,CHI,DB,00-0035863
975,2024,ATL,WR,00-0035869
976,2024,ARI,WR,00-0035876
977,2024,HOU,P,00-0035889
978,2024,KC,DL,00-0035890
979,2024,SEA,WR,00-0035891
980,2024,JAX,OL,00-0035892
981,2024,CIN,LB,00-0035895
982,2024,KC,LB,00-0035900
983,2024,JAX,DL,00-0035903
984,2024,CIN,OL,00-0035904
985,2024,CAR,DL,00-0035910
986,2024,ARI,DL,00-0035916
987,2024,PIT,RB,00-0035924
988,2024,PIT,DL,00-0035927
989,2024,TB,DL,00-0035928
990,2024,DAL,OL,00-0035930
991,2024,LA,LB,00-0035933
992,2024,MIN,WR,00-0035934
993,2024,LA,LB,00-0035942
994,2024,DET,DL,00-0035944
995,2024,DET,DL,00-0035946
996,2024,CLE,TE,00-0035956
997,2024,ARI,LB,00-0035961
998,2024,PIT,DL,00-0035969
999,2024,SF,RB,00-0035973
1000,2024,CAR,WR,00-0035976
1001,2024,LV,LB,00-0035984
1002,2024,ARI,OL,00-0035992
1003,2024,MIA,QB,00-0035993
1004,2024,WAS,OL,00-0035997
1005,2024,NYG,DB,00-0036002
1006,2024,CAR,DL,00-0036007
1007,2024,PIT,DB,00-0036010
1008,2024,WAS,DB,00-0036011
1009,2024,CLE,OL,00-0036015
1010,2024,IND,RB,00-0036020
1011,2024,IND,TE,00-0036032
1012,2024,DAL,OL,00-0036036
1013,2024,CAR,DB,00-0036037
1014,2024,NO,TE,00-0036040
1015,2024,CAR,LB,00-0036045
1016,2024,WAS,DL,00-0036050
1017,2024,SEA,TE,00-0036059
1018,2024,NYJ,WR,00-0036080
1019,2024,BAL,DL,00-0036081
1020,2024,ATL,LS,00-0036082
1021,2024,CHI,LB,00-0036085
1022,2024,HOU,DB,00-0036087
1023,2024,CHI,OL,00-0036093
1024,2024,HOU,RB,00-0036096
1025,2024,PIT,LB,00-0036097
1026,2024,PIT,DB,00-0036101
1027,2024,ARI,OL,00-0036105
1028,2024,LA,DB,00-0036114
1029,2024,WAS,OL,00-0036120
1030,2024,CAR,OL,00-0036123
1031,2024,DET,DB,00-0036124
1032,2024,BAL,DL,00-0036130
1033,2024,TB,OL,00-0036132
1034,2024,CLE,WR,00-0036133
1035,2024,DAL,RB,00-0036139
1036,2024,NYG,TE,00-0036145
1037,2024,TEN,DB,00-0036147
1038,2024,PIT,DL,00-0036148
1039,2024,DET,DB,00-0036149
1040,2024,PHI,DL,00-0036151
1041,2024,ATL,DB,00-0036152
1042,2024,BAL,LB,00-0036157
1043,2024,LAC,RB,00-0036158
1044,2024,KC,LB,00-0036159
1045,2024,BUF,K,00-0036162
1046,2024,NO,OL,00-0036163
1047,2024,NYG,WR,00-0036165
1048,2024,CAR,DB,00-0036166
1049,2024,IND,OL,00-0036170
1050,2024,MIA,OL,00-0036171
1051,2024,NO,TE,00-0036173
1052,2024,TEN,WR,00-0036176
1053,2024,LAC,DL,00-0036181
1054,2024,TEN,WR,00-0036182
1055,2024,LV,WR,00-0036183
1056,2024,BUF,RB,00-0036187
1057,2024,BUF,DL,00-0036192
1058,2024,NE,LB,00-0036193
1059,2024,ARI,OL,00-0036195
1060,2024,JAX,WR,00-0036196
1061,2024,DET,QB,00-0036197
1062,2024,NE,OL,00-0036198
1063,2024,CIN,DB,00-0036199
1064,2024,JAX,OL,00-0036202
1065,2024,WAS,LB,00-0036203
1066,2024,ATL,DL,00-0036204
1067,2024,CAR,OL,00-0036210
1068,2024,MIA,QB,00-0036212
1069,2024,IND,DL,00-0036213
1070,2024,NYG,OL,00-0036214
1071,2024,IND,OL,00-0036215
1072,2024,MIA,LS,00-0036217
1073,2024,TB,WR,00-0036219
1074,2024,CAR,DL,00-0036220
1075,2024,DEN,DB,00-0036221
1076,2024,PHI,DB,00-0036222
1077,2024,IND,RB,00-0036223
1078,2024,MIN,LB,00-0036224
1079,2024,HOU,TE,00-0036225
1080,2024,NE,DB,00-0036231
1081,2024,LV,TE,00-0036232
1082,2024,DET,WR,00-0036233
1083,2024,LAC,LB,00-0036235
1084,2024,CLE,OL,00-0036236
1085,2024,LA,DL,00-0036237
1086,2024,SF,LB,00-0036239
1087,2024,TB,DB,00-0036241
1088,2024,LA,TE,00-0036244
1089,2024,NYG,OL,00-0036246
1090,2024,CHI,WR,00-0036247
1091,2024,MIA,OL,00-0036248
1092,2024,ARI,LB,00-0036249
1093,2024,GB,TE,00-0036250
1094,2024,CIN,RB,00-0036251
1095,2024,IND,WR,00-0036252
1096,2024,IND,DB,00-0036253
1097,2024,CHI,WR,00-0036254
1098,2024,PIT,WR,00-0036255
1099,2024,SF,OL,00-0036256
1100,2024,LA,OL,00-0036258
1101,2024,SF,WR,00-0036259
1102,2024,NYJ,DL,00-0036260
1103,2024,SF,WR,00-0036261
1104,2024,JAX,DL,00-0036262
1105,2024,GB,QB,00-0036264
1106,2024,GB,RB,00-0036265
1107,2024,SF,DL,00-0036266
1108,2024,CLE,OL,00-0036267
1109,2024,LAC,WR,00-0036268
1110,2024,PIT,RB,00-0036269
1111,2024,PIT,WR,00-0036271
1112,2024,SF,OL,00-0036272
1113,2024,NYJ,OL,00-0036273
1114,2024,HOU,DB,00-0036274
1115,2024,CHI,RB,00-0036275
1116,2024,HOU,LB,00-0036276
1117,2024,LA,WR,00-0036277
1118,2024,BAL,LB,00-0036280
1119,2024,PIT,DB,00-0036281
1120,2024,CLE,DB,00-0036282
1121,2024,PHI,OL,00-0036284
1122,2024,ATL,DB,00-0036285
1123,2024,LV,LB,00-0036286
1124,2024,WAS,DB,00-0036287
1125,2024,SF,LB,00-0036288
1126,2024,CHI,TE,00-0036290
1127,2024,TEN,DL,00-0036291
1128,2024,CHI,DB,00-0036292
1129,2024,WAS,DB,00-0036293
1130,2024,CIN,LB,00-0036294
1131,2024,ATL,OL,00-0036295
1132,2024,CHI,RB,00-0036297
1133,2024,CIN,LB,00-0036298
1134,2024,DAL,DB,00-0036299
1135,2024,WAS,LB,00-0036300
1136,2024,NE,DB,00-0036302
1137,2024,PIT,DB,00-0036303
1138,2024,SEA,LB,00-0036305
1139,2024,JAX,DB,00-0036306
1140,2024,DET,DB,00-0036307
1141,2024,ATL,WR,00-0036309
1142,2024,CLE,OL,00-0036310
1143,2024,CAR,QB,00-0036312
1144,2024,PHI,P,00-0036313
1145,2024,ARI,LB,00-0036314
1146,2024,NYG,DB,00-0036315
1147,2024,TEN,OL,00-0036317
1148,2024,TEN,OL,00-0036318
1149,2024,NO,DL,00-0036321
1150,2024,MIN,WR,00-0036322
1151,2024,PIT,LB,00-0036323
1152,2024,CAR,OL,00-0036325
1153,2024,BUF,WR,00-0036326
1154,2024,JAX,OL,00-0036327
1155,2024,NE,RB,00-0036328
1156,2024,NYJ,DB,00-0036329
1157,2024,JAX,WR,00-0036331
1158,2024,JAX,TE,00-0036332
1159,2024,PIT,LB,00-0036333
1160,2024,TEN,OL,00-0036334
1161,2024,CAR,LB,00-0036335
1162,2024,MIA,RB,00-0036336
1163,2024,TEN,DL,00-0036337
1164,2024,LAC,LB,00-0036338
1165,2024,LA,OL,00-0036339
1166,2024,ATL,DL,00-0036341
1167,2024,ARI,OL,00-0036342
1168,2024,CLE,LB,00-0036343
1169,2024,ATL,DB,00-0036344
1170,2024,NE,WR,00-0036345
1171,2024,MIN,OL,00-0036347
1172,2024,MIN,DB,00-0036348
1173,2024,LA,DB,00-0036349
1174,2024,ATL,DL,00-0036351
1175,2024,CIN,DL,00-0036352
1176,2024,ATL,OL,00-0036354
1177,2024,LAC,QB,00-0036355
1178,2024,NYG,LB,00-0036356
1179,2024,DAL,WR,00-0036358
1180,2024,KC,RB,00-0036360
1181,2024,DAL,DB,00-0036361
1182,2024,NO,LB,00-0036362
1183,2024,BAL,OL,00-0036363
1184,2024,LA,DL,00-0036366
1185,2024,KC,OL,00-0036367
1186,2024,JAX,LB,00-0036368
1187,2024,NYJ,OL,00-0036369
1188,2024,TEN,RB,00-0036370
1189,2024,NYJ,DL,00-0036371
1190,2024,TEN,DB,00-0036374
1191,2024,DET,DB,00-0036375
1192,2024,WAS,OL,00-0036376
1193,2024,KC,DL,00-0036378
1194,2024,ATL,DL,00-0036379
1195,2024,LAC,DB,00-0036380
1196,2024,BUF,QB,00-0036384
1197,2024,NYG,OL,00-0036386
1198,2024,LAC,WR,00-0036387
1199,2024,GB,DB,00-0036388
1200,2024,PHI,QB,00-0036389
1201,2024,ARI,DB,00-0036390
1202,2024,TEN,OL,00-0036391
1203,2024,DEN,OL,00-0036392
1204,2024,LV,DB,00-0036394
1205,2024,SEA,DB,00-0036395
1206,2024,PHI,OL,00-0036396
1207,2024,NO,OL,00-0036397
1208,2024,DET,OL,00-0036399
1209,2024,MIA,LB,00-0036400
1210,2024,HOU,LB,00-0036401
1211,2024,NYG,LB,00-0036402
1212,2024,BUF,DL,00-0036403
1213,2024,TB,OL,00-0036406
1214,2024,CLE,WR,00-0036407
1215,2024,NO,OL,00-0036408
1216,2024,MIA,LB,00-0036409
1217,2024,CIN,WR,00-0036410
1218,2024,TB,DB,00-0036411
1219,2024,BUF,WR,00-0036412
1220,2024,CHI,DL,00-0036413
1221,2024,MIN,RB,00-0036414
1222,2024,PIT,WR,00-0036415
1223,2024,LAC,DB,00-0036416
1224,2024,CAR,OL,00-0036417
1225,2024,PHI,LB,00-0036418
1226,2024,PHI,LB,00-0036419
1227,2024,TEN,DL,00-0036420
1228,2024,BUF,DB,00-0036421
1229,2024,DEN,TE,00-0036422
1230,2024,PHI,TE,00-0036423
1231,2024,ARI,RB,00-0036425
1232,2024,LA,WR,00-0036427
1233,2024,DEN,LB,00-0036428
1234,2024,ATL,TE,00-0036429
1235,2024,SF,DL,00-0036430
1236,2024,CAR,DB,00-0036431
1237,2024,WAS,LB,00-0036434
1238,2024,HOU,OL,00-0036437
1239,2024,CAR,TE,00-0036438
1240,2024,IND,WR,00-0036439
1241,2024,TEN,LB,00-0036441
1242,2024,CIN,QB,00-0036442
1243,2024,CLE,LS,00-0036443
1244,2024,DET,DL,00-0036447
1245,2024,SF,OL,00-0036448
1246,2024,SF,RB,00-0036450
1247,2024,CAR,TE,00-0036456
1248,2024,ATL,WR,00-0036463
1249,2024,MIA,WR,00-0036471
1250,2024,MIN,TE,00-0036474
1251,2024,IND,DL,00-0036479
1252,2024,IND,DL,00-0036480
1253,2024,WAS,WR,00-0036482
1254,2024,IND,OL,00-0036483
1255,2024,MIA,WR,00-0036491
1256,2024,NYJ,RB,00-0036493
1257,2024,JAX,WR,00-0036497
1258,2024,NYJ,LB,00-0036500
1259,2024,NYJ,DB,00-0036501
1260,2024,NYG,DB,00-0036502
1261,2024,NYJ,DB,00-0036504
1262,2024,JAX,DL,00-0036505
1263,2024,CHI,DL,00-0036507
1264,2024,NYJ,TE,00-0036510
1265,2024,ARI,LB,00-0036511
1266,2024,PIT,OL,00-0036522
1267,2024,LV,WR,00-0036527
1268,2024,DET,TE,00-0036534
1269,2024,DEN,OL,00-0036535
1270,2024,IND,DL,00-0036537
1271,2024,TB,P,00-0036539
1272,2024,ATL,RB,00-0036543
1273,2024,BAL,WR,00-0036550
1274,2024,SF,OL,00-0036551
1275,2024,NYG,DL,00-0036552
1276,2024,NYG,LB,00-0036553
1277,2024,HOU,WR,00-0036554
1278,2024,CAR,RB,00-0036555
1279,2024,HOU,TE,00-0036556
1280,2024,SF,OL,00-0036557
1281,2024,MIA,DL,00-0036558
1282,2024,LAC,DB,00-0036559
1283,2024,BUF,OL,00-0036560
1284,2024,KC,DB,00-0036561
1285,2024,SF,DB,00-0036563
1286,2024,SF,DB,00-0036564
1287,2024,LAC,TE,00-0036565
1288,2024,SF,RB,00-0036567
1289,2024,ARI,DL,00-0036568
1290,2024,CIN,RB,00-0036569
1291,2024,DET,DB,00-0036573
1292,2024,DAL,DL,00-0036576
1293,2024,CAR,OL,00-0036577
1294,2024,GB,RB,00-0036582
1295,2024,LAC,OL,00-0036584
1296,2024,BAL,DB,00-0036587
1297,2024,SF,DB,00-0036589
1298,2024,BUF,TE,00-0036590
1299,2024,MIA,OL,00-0036596
1300,2024,LA,OL,00-0036603
1301,2024,LV,OL,00-0036604
1302,2024,SEA,OL,00-0036605
1303,2024,DET,OL,00-0036609
1304,2024,CIN,DL,00-0036611
1305,2024,MIA,WR,00-0036613
1306,2024,MIN,LB,00-0036614
1307,2024,CAR,DB,00-0036615
1308,2024,MIN,OL,00-0036616
1309,2024,LAC,DB,00-0036617
1310,2024,WAS,OL,00-0036618
1311,2024,TEN,OL,00-0036619
1312,2024,MIA,WR,00-0036620
1313,2024,KC,LB,00-0036621
1314,2024,GB,OL,00-0036622
1315,2024,KC,OL,00-0036623
1316,2024,DET,DL,00-0036624
1317,2024,WAS,DB,00-0036625
1318,2024,WAS,WR,00-0036626
1319,2024,LAC,WR,00-0036627
1320,2024,WAS,TE,00-0036628
1321,2024,MIN,DB,00-0036629
1322,2024,BAL,WR,00-0036630
1323,2024,TB,OL,00-0036631
1324,2024,PHI,DB,00-0036633
1325,2024,LA,LB,00-0036634
1326,2024,NYG,WR,00-0036635
1327,2024,LAC,OL,00-0036636
1328,2024,KC,TE,00-0036637
1329,2024,WAS,DB,00-0036638
1330,2024,BUF,TE,00-0036640
1331,2024,GB,DL,00-0036642
1332,2024,TB,LB,00-0036643
1333,2024,IND,LB,00-0036644
1334,2024,NO,DB,00-0036645
1335,2024,LAC,WR,00-0036646
1336,2024,SEA,WR,00-0036647
1337,2024,LAC,LB,00-0036648
1338,2024,SEA,DL,00-0036649
1339,2024,NYJ,DL,00-0036651
1340,2024,DAL,WR,00-0036652
1341,2024,SEA,OL,00-0036653
1342,2024,CHI,RB,00-0036654
1343,2024,JAX,OL,00-0036655
1344,2024,CLE,DB,00-0036656
1345,2024,DAL,WR,00-0036657
1346,2024,GB,LB,00-0036658
1347,2024,KC,OL,00-0036660
1348,2024,DAL,DB,00-0036661
1349,2024,DET,OL,00-0036663
1350,2024,MIA,DL,00-0036664
1351,2024,CAR,DB,00-0036667
1352,2024,PIT,DL,00-0036668
1353,2024,DET,RB,00-0036670
1354,2024,CAR,WR,00-0036671
1355,2024,IND,LB,00-0036672
1356,2024,JAX,TE,00-0036674
1357,2024,PHI,WR,00-0036676
1358,2024,GB,DB,00-0036677
1359,2024,LAC,DB,00-0036678
1360,2024,BUF,QB,00-0036679
1361,2024,KC,DL,00-0036682
1362,2024,DEN,DB,00-0036683
1363,2024,PIT,DB,00-0036688
1364,2024,LA,TE,00-0036692
1365,2024,ARI,DL,00-0036695
1366,2024,JAX,LB,00-0036704
1367,2024,CLE,LB,00-0036705
1368,2024,LV,DL,00-0036711
1369,2024,CHI,LB,00-0036716
1370,2024,NO,DB,00-0036724
1371,2024,NO,RB,00-0036727
1372,2024,SF,LB,00-0036728
1373,2024,DET,OL,00-0036736
1374,2024,MIA,TE,00-0036741
1375,2024,ARI,TE,00-0036753
1376,2024,DET,TE,00-0036754
1377,2024,LAC,RB,00-0036755
1378,2024,CLE,DB,00-0036764
1379,2024,NYJ,LB,00-0036769
1380,2024,NYJ,WR,00-0036775
1381,2024,DEN,TE,00-0036779
1382,2024,PIT,OL,00-0036783
1383,2024,MIN,OL,00-0036785
1384,2024,LA,DL,00-0036788
1385,2024,CHI,OL,00-0036795
1386,2024,CAR,LB,00-0036802
1387,2024,NE,LB,00-0036813
1388,2024,ATL,K,00-0036816
1389,2024,CAR,TE,00-0036825
1390,2024,NE,LB,00-0036831
1391,2024,ATL,OL,00-0036833
1392,2024,MIA,OL,00-0036839
1393,2024,JAX,WR,00-0036841
1394,2024,NYJ,RB,00-0036842
1395,2024,PIT,DL,00-0036843
1396,2024,TEN,LB,00-0036844
1397,2024,SF,P,00-0036847
1398,2024,LA,WR,00-0036849
1399,2024,CIN,DL,00-0036850
1400,2024,CIN,OL,00-0036852
1401,2024,KC,DB,00-0036853
1402,2024,CIN,K,00-0036854
1403,2024,TB,DL,00-0036855
1404,2024,CIN,OL,00-0036856
1405,2024,CIN,RB,00-0036857
1406,2024,CLE,WR,00-0036858
1407,2024,NYG,OL,00-0036859
1408,2024,JAX,RB,00-0036860
1409,2024,PIT,WR,00-0036862
1410,2024,ARI,LB,00-0036863
1411,2024,MIA,OL,00-0036865
1412,2024,CLE,OL,00-0036866
1413,2024,LAC,DL,00-0036867
1414,2024,PIT,OL,00-0036869
1415,2024,DAL,LB,00-0036870
1416,2024,LV,DB,00-0036871
1417,2024,NE,DB,00-0036872
1418,2024,DEN,DB,00-0036874
1419,2024,NE,RB,00-0036875
1420,2024,IND,TE,00-0036876
1421,2024,CLE,WR,00-0036877
1422,2024,SEA,WR,00-0036877
1423,2024,LV,DL,00-0036878
1424,2024,IND,QB,00-0036879
1425,2024,DET,OL,00-0036880
1426,2024,CIN,DL,00-0036881
1427,2024,HOU,DL,00-0036883
1428,2024,CIN,DB,00-0036884
1429,2024,SEA,DB,00-0036885
1430,2024,DAL,OL,00-0036886
1431,2024,JAX,TE,00-0036887
1432,2024,BUF,DB,00-0036888
1433,2024,LAC,OL,00-0036892
1434,2024,PIT,RB,00-0036893
1435,2024,PIT,TE,00-0036894
1436,2024,CLE,LB,00-0036895
1437,2024,ARI,LB,00-0036896
1438,2024,TEN,DB,00-0036897
1439,2024,HOU,QB,00-0036898
1440,2024,NYG,DB,00-0036899
1441,2024,CIN,WR,00-0036900
1442,2024,GB,DB,00-0036901
1443,2024,CIN,DL,00-0036902
1444,2024,LA,DL,00-0036903
1445,2024,GB,DB,00-0036904
1446,2024,CHI,OL,00-0036905
1447,2024,CIN,RB,00-0036906
1448,2024,PIT,DB,00-0036908
1449,2024,ARI,DL,00-0036909
1450,2024,PHI,WR,00-0036912
1451,2024,CLE,WR,00-0036913
1452,2024,BUF,DL,00-0036914
1453,2024,CLE,LB,00-0036915
1454,2024,PHI,DL,00-0036916
1455,2024,JAX,DB,00-0036917
1456,2024,PHI,WR,00-0036918
1457,2024,PHI,RB,00-0036919
1458,2024,KC,DL,00-0036920
1459,2024,PHI,LB,00-0036921
1460,2024,NYG,LB,00-0036922
1461,2024,ARI,RB,00-0036924
1462,2024,NO,DL,00-0036926
1463,2024,NO,LB,00-0036927
1464,2024,TB,QB,00-0036928
1465,2024,KC,QB,00-0036929
1466,2024,NO,OL,00-0036930
1467,2024,DAL,DL,00-0036932
1468,2024,ARI,LB,00-0036933
1469,2024,MIA,LB,00-0036934
1470,2024,MIN,DB,00-0036935
1471,2024,ATL,WR,00-0036936
1472,2024,NO,DB,00-0036937
1473,2024,HOU,LB,00-0036938
1474,2024,NE,WR,00-0036939
1475,2024,BAL,LB,00-0036940
1476,2024,JAX,DB,00-0036941
1477,2024,DAL,DL,00-0036942
1478,2024,DEN,LS,00-0036943
1479,2024,CAR,DB,00-0036944
1480,2024,PIT,QB,00-0036945
1481,2024,NYG,OL,00-0036947
1482,2024,ATL,DL,00-0036948
1483,2024,PIT,LB,00-0036949
1484,2024,ATL,RB,00-0036950
1485,2024,DEN,LB,00-0036952
1486,2024,CHI,OL,00-0036953
1487,2024,DET,DL,00-0036954
1488,2024,LV,WR,00-0036955
1489,2024,IND,DB,00-0036956
1490,2024,ATL,OL,00-0036957
1491,2024,DEN,WR,00-0036959
1492,2024,ATL,DB,00-0036961
1493,2024,LV,DB,00-0036962
1494,2024,DET,WR,00-0036963
1495,2024,DET,LB,00-0036964
1496,2024,ATL,OL,00-0036966
1497,2024,TB,LB,00-0036967
1498,2024,CAR,OL,00-0036968
1499,2024,ATL,TE,00-0036970
1500,2024,JAX,QB,00-0036971
1501,2024,JAX,QB,00-0036972
1502,2024,JAX,RB,00-0036973
1503,2024,JAX,DB,00-0036974
1504,2024,JAX,OL,00-0036975
1505,2024,BUF,OL,00-0036976
1506,2024,BAL,OL,00-0036977
1507,2024,ARI,LB,00-0036978
1508,2024,NYJ,OL,00-0036979
1509,2024,CLE,WR,00-0036980
1510,2024,NE,DL,00-0036981
1511,2024,DAL,DL,00-0036982
1512,2024,HOU,OL,00-0036983
1513,2024,IND,RB,00-0036984
1514,2024,TB,OL,00-0036985
1515,2024,MIN,DB,00-0036986
1516,2024,BAL,DB,00-0036987
1517,2024,LAC,WR,00-0036988
1518,2024,LV,DL,00-0036989
1519,2024,LV,LB,00-0036990
1520,2024,LAC,DB,00-0036992
1521,2024,DET,DB,00-0036993
1522,2024,SEA,LB,00-0036994
1523,2024,ARI,LB,00-0036995
1524,2024,CLE,DB,00-0036996
1525,2024,DEN,RB,00-0036997
1526,2024,MIA,DB,00-0036998
1527,2024,MIA,WR,00-0036999
1528,2024,NE,LB,00-0037000
1529,2024,DEN,OL,00-0037001
1530,2024,PHI,OL,00-0037002
1531,2024,NYJ,LB,00-0037003
1532,2024,LA,TE,00-0037004
1533,2024,CAR,TE,00-0037005
1534,2024,CLE,OL,00-0037006
1535,2024,MIN,LB,00-0037007
1536,2024,SF,DB,00-0037008
1537,2024,LAC,OL,00-0037009
1538,2024,MIA,OL,00-0037010
1539,2024,BUF,TE,00-0037011
1540,2024,DAL,QB,00-0037012
1541,2024,DEN,QB,00-0037013
1542,2024,TB,TE,00-0037015
1543,2024,ARI,TE,00-0037020
1544,2024,NO,TE,00-0037022
1545,2024,LA,TE,00-0037031
1546,2024,ATL,DB,00-0037034
1547,2024,CLE,OL,00-0037040
1548,2024,WAS,DL,00-0037041
1549,2024,CAR,LB,00-0037043
1550,2024,NYG,DL,00-0037051
1551,2024,PIT,WR,00-0037055
1552,2024,LA,LB,00-0037057
1553,2024,JAX,DL,00-0037061
1554,2024,JAX,QB,00-0037068
1555,2024,ATL,DB,00-0037070
1556,2024,PHI,DL,00-0037073
1557,2024,GB,LB,00-0037074
1558,2024,GB,DL,00-0037075
1559,2024,GB,OL,00-0037076
1560,2024,SEA,QB,00-0037077
1561,2024,WAS,TE,00-0037078
1562,2024,SEA,DB,00-0037079
1563,2024,SEA,LB,00-0037080
1564,2024,CHI,OL,00-0037081
1565,2024,CHI,DL,00-0037082
1566,2024,GB,DL,00-0037083
1567,2024,TEN,LB,00-0037084
1568,2024,DEN,RB,00-0037085
1569,2024,PHI,TE,00-0037086
1570,2024,CHI,OL,00-0037088
1571,2024,CAR,OL,00-0037089
1572,2024,GB,WR,00-0037091
1573,2024,WAS,OL,00-0037092
1574,2024,SEA,WR,00-0037093
1575,2024,GB,DL,00-0037094
1576,2024,NYG,DB,00-0037095
1577,2024,CHI,DB,00-0037096
1578,2024,TB,P,00-0037097
1579,2024,CHI,WR,00-0037098
1580,2024,CHI,DB,00-0037106
1581,2024,CHI,LB,00-0037109
1582,2024,SF,TE,00-0037112
1583,2024,IND,RB,00-0037120
1584,2024,NE,OL,00-0037122
1585,2024,CHI,DB,00-0037129
1586,2024,PHI,DB,00-0037130
1587,2024,PHI,WR,00-0037132
1588,2024,NYG,DB,00-0037136
1589,2024,SEA,DB,00-0037137
1590,2024,IND,OL,00-0037138
1591,2024,ARI,DB,00-0037141
1592,2024,SEA,DL,00-0037149
1593,2024,SEA,DL,00-0037152
1594,2024,TB,LB,00-0037153
1595,2024,NYJ,DB,00-0037155
1596,2024,NYJ,WR,00-0037156
1597,2024,NYJ,RB,00-0037157
1598,2024,NE,OL,00-0037167
1599,2024,ATL,TE,00-0037168
1600,2024,MIA,WR,00-0037172
1601,2024,ARI,QB,00-0037175
1602,2024,PIT,LB,00-0037179
1603,2024,BAL,DL,00-0037181
1604,2024,SEA,LB,00-0037184
1605,2024,TB,WR,00-0037185
1606,2024,NYJ,DB,00-0037190
1607,2024,KC,DB,00-0037191
1608,2024,KC,DL,00-0037192
1609,2024,KC,DB,00-0037193
1610,2024,PHI,OL,00-0037194
1611,2024,KC,DB,00-0037195
1612,2024,GB,OL,00-0037196
1613,2024,KC,RB,00-0037197
1614,2024,KC,DB,00-0037198
1615,2024,CAR,DL,00-0037203
1616,2024,NE,DB,00-0037205
1617,2024,KC,OL,00-0037207
1618,2024,KC,LB,00-0037208
1619,2024,ATL,LB,00-0037213
1620,2024,NO,LB,00-0037215
1621,2024,KC,WR,00-0037216
1622,2024,NE,DB,00-0037222
1623,2024,LAC,K,00-0037224
1624,2024,CHI,OL,00-0037225
1625,2024,PIT,RB,00-0037228
1626,2024,CAR,OL,00-0037229
1627,2024,NO,WR,00-0037231
1628,2024,KC,TE,00-0037233
1629,2024,JAX,DL,00-0037235
1630,2024,DET,DL,00-0037236
1631,2024,HOU,DB,00-0037237
1632,2024,ATL,WR,00-0037238
1633,2024,NO,WR,00-0037239
1634,2024,DET,WR,00-0037240
1635,2024,NO,OL,00-0037241
1636,2024,BUF,DB,00-0037242
1637,2024,DAL,OL,00-0037243
1638,2024,JAX,LB,00-0037244
1639,2024,BUF,DB,00-0037245
1640,2024,HOU,DB,00-0037246
1641,2024,PIT,WR,00-0037247
1642,2024,BUF,RB,00-0037248
1643,2024,DEN,LB,00-0037249
1644,2024,CLE,DB,00-0037250
1645,2024,CLE,DL,00-0037251
1646,2024,NYG,TE,00-0037252
1647,2024,NE,DB,00-0037253
1648,2024,BUF,LB,00-0037254
1649,2024,LV,OL,00-0037255
1650,2024,TB,RB,00-0037256
1651,2024,CLE,WR,00-0037257
1652,2024,HOU,RB,00-0037258
1653,2024,NYG,LB,00-0037259
1654,2024,NYG,DL,00-0037260
1655,2024,BUF,WR,00-0037261
1656,2024,PHI,DL,00-0037262
1657,2024,ATL,RB,00-0037263
1658,2024,DEN,DB,00-0037264
1659,2024,DAL,RB,00-0037265
1660,2024,DAL,OL,00-0037266
1661,2024,CLE,RB,00-0037267
1662,2024,TB,DB,00-0037268
1663,2024,NE,DL,00-0037269
1664,2024,LAC,DL,00-0037270
1665,2024,NO,LB,00-0037271
1666,2024,KC,WR,00-0037272
1667,2024,PHI,WR,00-0037273
1668,2024,JAX,DL,00-0037274
1669,2024,DAL,DB,00-0037275
1670,2024,MIN,RB,00-0037276
1671,2024,HOU,TE,00-0037277
1672,2024,DEN,OL,00-0037278
1673,2024,NYG,OL,00-0037279
1674,2024,LV,DL,00-0037280
1675,2024,DAL,LB,00-0037281
1676,2024,DET,TE,00-0037282
1677,2024,NO,DL,00-0037283
1678,2024,KC,P,00-0037284
1679,2024,NYG,LB,00-0037285
1680,2024,NE,RB,00-0037286
1681,2024,NE,OL,00-0037287
1682,2024,BUF,DB,00-0037288
1683,2024,DET,LB,00-0037289
1684,2024,MIN,WR,00-0037291
1685,2024,IND,TE,00-0037292
1686,2024,PIT,LB,00-0037293
1687,2024,DEN,DL,00-0037294
1688,2024,LAC,OL,00-0037295
1689,2024,HOU,DB,00-0037296
1690,2024,CAR,OL,00-0037297
1691,2024,CAR,DL,00-0037298
1692,2024,KC,RB,00-0037299
1693,2024,CLE,WR,00-0037300
1694,2024,MIN,DB,00-0037301
1695,2024,NO,OL,00-0037302
1696,2024,DEN,DL,00-0037303
1697,2024,PIT,TE,00-0037304
1698,2024,ARI,OL,00-0037305
1699,2024,GB,TE,00-0037306
1700,2024,LAC,DB,00-0037307
1701,2024,NE,OL,00-0037308
1702,2024,CLE,DL,00-0037310
1703,2024,TB,TE,00-0037311
1704,2024,TEN,LB,00-0037312
1705,2024,JAX,DB,00-0037313
1706,2024,DET,LB,00-0037314
1707,2024,MIA,LB,00-0037315
1708,2024,PIT,LB,00-0037316
1709,2024,MIN,TE,00-0037317
1710,2024,BUF,LB,00-0037318
1711,2024,SEA,DB,00-0037319
1712,2024,LAC,DB,00-0037320
1713,2024,SF,DB,00-0037321
1714,2024,LV,OL,00-0037322
1715,2024,IND,DB,00-0037323
1716,2024,KC,QB,00-0037324
1717,2024,PIT,DB,00-0037325
1718,2024,MIA,QB,00-0037327
1719,2024,SEA,RB,00-0037329
1720,2024,ARI,LB,00-0037330
1721,2024,MIA,RB,00-0037331
1722,2024,CLE,DB,00-0037332
1723,2024,MIA,WR,00-0037334
1724,2024,DAL,OL,00-0037336
1725,2024,LA,DB,00-0037337
1726,2024,BAL,TE,00-0037340
1727,2024,KC,DL,00-0037346
1728,2024,MIA,WR,00-0037348
1729,2024,NE,OL,00-0037349
1730,2024,MIA,DB,00-0037353
1731,2024,ARI,DB,00-0037354
1732,2024,NE,WR,00-0037355
1733,2024,ARI,DL,00-0037356
1734,2024,LV,DL,00-0037363
1735,2024,GB,DL,00-0037364
1736,2024,PIT,DB,00-0037373
1737,2024,LAC,DL,00-0037375
1738,2024,PIT,DB,00-0037377
1739,2024,DEN,WR,00-0037380
1740,2024,SF,OL,00-0037381
1741,2024,PIT,WR,00-0037382
1742,2024,LV,LB,00-0037383
1743,2024,DEN,DB,00-0037384
1744,2024,DET,OL,00-0037385
1745,2024,BUF,WR,00-0037387
1746,2024,IND,DB,00-0037392
1747,2024,TEN,LB,00-0037393
1748,2024,IND,WR,00-0037394
1749,2024,TB,DB,00-0037395
1750,2024,IND,OL,00-0037396
1751,2024,NO,WR,00-0037398
1752,2024,BUF,OL,00-0037404
1753,2024,NYG,RB,00-0037410
1754,2024,CIN,LS,00-0037412
1755,2024,NE,OL,00-0037413
1756,2024,CIN,OL,00-0037414
1757,2024,CIN,DB,00-0037415
1758,2024,ARI,DB,00-0037418
1759,2024,CIN,WR,00-0037420
1760,2024,CIN,WR,00-0037422
1761,2024,BUF,OL,00-0037428
1762,2024,CAR,RB,00-0037429
1763,2024,BUF,DL,00-0037431
1764,2024,NYJ,OL,00-0037440
1765,2024,BUF,OL,00-0037441
1766,2024,NYG,LB,00-0037447
1767,2024,LV,RB,00-0037450
1768,2024,PIT,TE,00-0037451
1769,2024,HOU,RB,00-0037456
1770,2024,HOU,LB,00-0037457
1771,2024,HOU,DL,00-0037459
1772,2024,HOU,WR,00-0037460
1773,2024,PHI,DB,00-0037461
1774,2024,NYG,DB,00-0037468
1775,2024,ATL,LB,00-0037469
1776,2024,LAC,DL,00-0037474
1777,2024,LAC,TE,00-0037475
1778,2024,PIT,OL,00-0037480
1779,2024,LA,LB,00-0037481
1780,2024,PIT,DB,00-0037484
1781,2024,CAR,WR,00-0037487
1782,2024,TB,LB,00-0037491
1783,2024,TEN,DB,00-0037493
1784,2024,SEA,RB,00-0037495
1785,2024,DAL,LB,00-0037499
1786,2024,MIN,P,00-0037500
1787,2024,LV,LB,00-0037503
1788,2024,LV,TE,00-0037506
1789,2024,MIN,WR,00-0037508
1790,2024,LV,RB,00-0037509
1791,2024,LV,DB,00-0037512
1792,2024,LA,LB,00-0037515
1793,2024,LV,DB,00-0037516
1794,2024,LV,LB,00-0037517
1795,2024,SF,DB,00-0037521
1796,2024,TEN,WR,00-0037524
1797,2024,SF,RB,00-0037525
1798,2024,NYJ,LB,00-0037526
1799,2024,IND,LB,00-0037527
1800,2024,PHI,OL,00-0037529
1801,2024,CLE,DB,00-0037536
1802,2024,SF,OL,00-0037537
1803,2024,DEN,TE,00-0037539
1804,2024,MIN,K,00-0037542
1805,2024,NO,LB,00-0037544
1806,2024,NO,WR,00-0037545
1807,2024,GB,P,00-0037547
1808,2024,TEN,DB,00-0037549
1809,2024,SF,WR,00-0037553
1810,2024,LA,RB,00-0037557
1811,2024,CAR,LB,00-0037560
1812,2024,DAL,DB,00-0037561
1813,2024,DAL,RB,00-0037563
1814,2024,KC,TE,00-0037569
1815,2024,TB,WR,00-0037570
1816,2024,ATL,LB,00-0037571
1817,2024,NYJ,OL,00-0037572
1818,2024,CAR,DB,00-0037573
1819,2024,DAL,DB,00-0037578
1820,2024,LAC,DB,00-0037583
1821,2024,NYG,DL,00-0037585
1822,2024,ATL,LB,00-0037587
1823,2024,ATL,OL,00-0037590
1824,2024,TEN,OL,00-0037591
1825,2024,PHI,LB,00-0037592
1826,2024,TEN,DB,00-0037593
1827,2024,TEN,RB,00-0037594
1828,2024,TEN,LB,00-0037596
1829,2024,NE,OL,00-0037600
1830,2024,NYJ,OL,00-0037601
1831,2024,SF,DL,00-0037602
1832,2024,HOU,DL,00-0037603
1833,2024,TEN,OL,00-0037605
1834,2024,TEN,P,00-0037607
1835,2024,NYJ,DB,00-0037608
1836,2024,PIT,RB,00-0037609
1837,2024,TB,P,00-0037610
1838,2024,NYG,LB,00-0037611
1839,2024,NYG,OL,00-0037612
1840,2024,HOU,OL,00-0037613
1841,2024,HOU,WR,00-0037614
1842,2024,PHI,LB,00-0037615
1843,2024,IND,DB,00-0037616
1844,2024,LAC,RB,00-0037617
1845,2024,HOU,OL,00-0037618
1846,2024,MIA,OL,00-0037619
1847,2024,CIN,OL,00-0037620
1848,2024,NO,DL,00-0037621
1849,2024,NYJ,OL,00-0037625
1850,2024,TB,DL,00-0037627
1851,2024,LA,LB,00-0037633
1852,2024,NYG,LB,00-0037638
1853,2024,BAL,LB,00-0037639
1854,2024,LAC,TE,00-0037654
1855,2024,ATL,DL,00-0037660
1856,2024,BUF,DB,00-0037661
1857,2024,TB,DL,00-0037662
1858,2024,NYJ,LB,00-0037663
1859,2024,IND,WR,00-0037664
1860,2024,DAL,DL,00-0037665
1861,2024,DAL,WR,00-0037666
1862,2024,DET,DB,00-0037667
1863,2024,ATL,DB,00-0037670
1864,2024,JAX,LS,00-0037686
1865,2024,DAL,K,00-0037692
1866,2024,DET,WR,00-0037708
1867,2024,NE,DL,00-0037711
1868,2024,NE,TE,00-0037724
1869,2024,NYJ,WR,00-0037740
1870,2024,PHI,WR,00-0037741
1871,2024,TEN,WR,00-0037742
1872,2024,CIN,DB,00-0037743
1873,2024,ARI,TE,00-0037744
1874,2024,JAX,WR,00-0037745
1875,2024,WAS,RB,00-0037746
1876,2024,BAL,DB,00-0037747
1877,2024,GB,OL,00-0037748
1878,2024,CIN,DB,00-0037752
1879,2024,CIN,DB,00-0037753
1880,2024,TEN,OL,00-0037754
1881,2024,IND,TE,00-0037755
1882,2024,BAL,DL,00-0037756
1883,2024,IND,OL,00-0037757
1884,2024,NYG,DB,00-0037758
1885,2024,PIT,DL,00-0037759
1886,2024,CIN,DL,00-0037760
1887,2024,DEN,LB,00-0037799
1888,2024,DAL,WR,00-0037801
1889,2024,LV,DL,00-0037804
1890,2024,NYJ,TE,00-0037805
1891,2024,NYG,OL,00-0037807
1892,2024,ATL,LB,00-0037808
1893,2024,TEN,TE,00-0037809
1894,2024,ATL,LB,00-0037810
1895,2024,JAX,LB,00-0037811
1896,2024,SEA,OL,00-0037812
1897,2024,MIA,LB,00-0037813
1898,2024,JAX,OL,00-0037814
1899,2024,CLE,DL,00-0037815
1900,2024,GB,WR,00-0037816
1901,2024,GB,OL,00-0037817
1902,2024,LAC,OL,00-0037818
1903,2024,KC,LB,00-0037819
1904,2024,SEA,OL,00-0037821
1905,2024,MIN,LB,00-0037822
1906,2024,HOU,LB,00-0037823
1907,2024,BAL,OL,00-0037825
1908,2024,SF,DL,00-0037826
1909,2024,PHI,RB,00-0037827
1910,2024,PHI,WR,00-0037828
1911,2024,SF,OL,00-0037829
1912,2024,IND,DB,00-0037830
1913,2024,SF,OL,00-0037831
1914,2024,SF,DL,00-0037832
1915,2024,PHI,DB,00-0037833
1916,2024,SF,QB,00-0037834
1917,2024,TB,OL,00-0037835
1918,2024,TEN,OL,00-0037836
1919,2024,PIT,WR,00-0037837
1920,2024,BAL,TE,00-0037838
1921,2024,LA,DB,00-0037839
1922,2024,LA,RB,00-0037840
1923,2024,LA,DB,00-0037841
1924,2024,LA,DB,00-0037842
1925,2024,CHI,DL,00-0037843
1926,2024,HOU,DB,00-0037844
1927,2024,LA,OL,00-0037845
1928,2024,SEA,DB,00-0037984
1929,2024,BAL,DB,00-0038038
1930,2024,LV,DB,00-0038039
1931,2024,LV,RB,00-0038040
1932,2024,DAL,TE,00-0038041
1933,2024,TB,P,00-0038042
1934,2024,KC,DB,00-0038043
1935,2024,LAC,RB,00-0038045
1936,2024,BAL,TE,00-0038046
1937,2024,WAS,OL,00-0038073
1938,2024,KC,WR,00-0038090
1939,2024,CHI,DB,00-0038091
1940,2024,MIA,WR,00-0038092
1941,2024,MIA,DL,00-0038093
1942,2024,BAL,P,00-0038094
1943,2024,CIN,OL,00-0038095
1944,2024,DET,DL,00-0038096
1945,2024,CIN,K,00-0038097
1946,2024,CLE,RB,00-0038098
1947,2024,WAS,DL,00-0038099
1948,2024,WAS,DB,00-0038100
1949,2024,CAR,DB,00-0038101
1950,2024,PHI,QB,00-0038102
1951,2024,NE,OL,00-0038103
1952,2024,KC,WR,00-0038104
1953,2024,DEN,DB,00-0038105
1954,2024,DEN,DL,00-0038106
1955,2024,NYJ,DL,00-0038107
1956,2024,CLE,QB,00-0038108
1957,2024,CHI,DB,00-0038111
1958,2024,PHI,OL,00-0038112
1959,2024,LV,LB,00-0038113
1960,2024,NYJ,OL,00-0038114
1961,2024,NYG,TE,00-0038115
1962,2024,ATL,LB,00-0038116
1963,2024,NYG,WR,00-0038117
1964,2024,BAL,OL,00-0038118
1965,2024,BAL,DB,00-0038119
1966,2024,NYJ,RB,00-0038120
1967,2024,NO,DB,00-0038121
1968,2024,LV,QB,00-0038122
1969,2024,NYG,DB,00-0038123
1970,2024,GB,WR,00-0038124
1971,2024,TEN,DB,00-0038125
1972,2024,TB,DL,00-0038127
1973,2024,GB,QB,00-0038128
1974,2024,TB,TE,00-0038129
1975,2024,DAL,DB,00-0038130
1976,2024,MIN,OL,00-0038131
1977,2024,MIN,QB,00-0038132
1978,2024,SEA,LB,00-0038133
1979,2024,SEA,RB,00-0038134
1980,2024,CHI,DB,00-0038135
1981,2024,SEA,DB,00-0038136
1982,2024,PIT,DB,00-0038141
1983,2024,BAL,LB,00-0038142
1984,2024,IND,DB,00-0038143
1985,2024,BAL,DL,00-0038144
1986,2024,TEN,TE,00-0038145
1987,2024,ARI,WR,00-0038147
1988,2024,ATL,WR,00-0038149
1989,2024,NYG,QB,00-0038150
1990,2024,BUF,K,00-0038152
1991,2024,MIN,WR,00-0038181
1992,2024,NYJ,OL,00-0038194
1993,2024,NE,OL,00-0038223
1994,2024,HOU,DL,00-0038297
1995,2024,ATL,OL,00-0038304
1996,2024,GB,DL,00-0038309
1997,2024,DAL,DB,00-0038348
1998,2024,LA,K,00-0038354
1999,2024,LA,OL,00-0038358
2000,2024,LA,WR,00-0038359
2001,2024,LA,LS,00-0038360
2002,2024,LA,DB,00-0038366
2003,2024,LA,DB,00-0038368
2004,2024,LV,DB,00-0038381
2005,2024,BAL,OL,00-0038382
2006,2024,BAL,OL,00-0038383
2007,2024,LA,QB,00-0038385
2008,2024,PHI,DL,00-0038386
2009,2024,GB,DL,00-0038387
2010,2024,KC,DB,00-0038388
2011,2024,SF,RB,00-0038389
2012,2024,CHI,LB,00-0038390
2013,2024,GB,QB,00-0038391
2014,2024,IND,DB,00-0038392
2015,2024,GB,WR,00-0038393
2016,2024,IND,TE,00-0038394
2017,2024,CHI,DB,00-0038395
2018,2024,NYG,RB,00-0038396
2019,2024,IND,RB,00-0038397
2020,2024,GB,DL,00-0038398
2021,2024,NYJ,LB,00-0038399
2022,2024,PHI,QB,00-0038400
2023,2024,NYJ,DB,00-0038401
2024,2024,NYJ,K,00-0038402
2025,2024,NYG,DB,00-0038403
2026,2024,NE,DL,00-0038404
2027,2024,MIN,DL,00-0038405
2028,2024,NYJ,TE,00-0038406
2029,2024,IND,DB,00-0038407
2030,2024,GB,DB,00-0038408
2031,2024,PHI,RB,00-0038409
2032,2024,IND,OL,00-0038410
2033,2024,NYG,DB,00-0038411
2034,2024,PHI,DL,00-0038412
2035,2024,TEN,DB,00-0038413
2036,2024,LAC,DB,00-0038414
2037,2024,CHI,QB,00-0038416
2038,2024,CHI,LB,00-0038417
2039,2024,ATL,RB,00-0038419
2040,2024,WAS,DL,00-0038423
2041,2024,TB,OL,00-0038426
2042,2024,IND,LB,00-0038429
2043,2024,ATL,LB,00-0038437
2044,2024,MIN,RB,00-0038440
2045,2024,IND,DL,00-0038444
2046,2024,BAL,LB,00-0038448
2047,2024,CIN,OL,00-0038452
2048,2024,BAL,RB,00-0038454
2049,2024,BAL,WR,00-0038455
2050,2024,ARI,TE,00-0038456
2051,2024,BAL,RB,00-0038458
2052,2024,PIT,OL,00-0038459
2053,2024,NE,DL,00-0038462
2054,2024,GB,DL,00-0038463
2055,2024,MIN,OL,00-0038464
2056,2024,GB,WR,00-0038465
2057,2024,GB,TE,00-0038468
2058,2024,GB,DB,00-0038470
2059,2024,GB,OL,00-0038471
2060,2024,PIT,WR,00-0038472
2061,2024,CAR,DB,00-0038475
2062,2024,NYG,QB,00-0038476
2063,2024,NYG,WR,00-0038477
2064,2024,GB,DB,00-0038478
2065,2024,NYG,LB,00-0038479
2066,2024,CHI,LS,00-0038481
2067,2024,PHI,DB,00-0038482
2068,2024,PHI,WR,00-0038484
2069,2024,CLE,OL,00-0038485
2070,2024,PHI,DB,00-0038487
2071,2024,SEA,TE,00-0038488
2072,2024,PHI,LB,00-0038489
2073,2024,SEA,P,00-0038490
2074,2024,GB,DL,00-0038491
2075,2024,NYJ,WR,00-0038492
2076,2024,CAR,LB,00-0038493
2077,2024,CLE,DB,00-0038494
2078,2024,NYJ,WR,00-0038496
2079,2024,PHI,TE,00-0038498
2080,2024,CLE,LB,00-0038499
2081,2024,LAC,OL,00-0038500
2082,2024,CAR,WR,00-0038502
2083,2024,BAL,LB,00-0038504
2084,2024,BAL,LB,00-0038505
2085,2024,NYG,DL,00-0038506
2086,2024,MIA,WR,00-0038507
2087,2024,JAX,OL,00-0038509
2088,2024,MIA,OL,00-0038511
2089,2024,KC,LB,00-0038513
2090,2024,KC,DL,00-0038514
2091,2024,MIA,RB,00-0038518
2092,2024,KC,WR,00-0038519
2093,2024,SEA,WR,00-0038520
2094,2024,DEN,DB,00-0038521
2095,2024,CLE,DB,00-0038523
2096,2024,ATL,DB,00-0038529
2097,2024,CAR,LB,00-0038535
2098,2024,CAR,OL,00-0038536
2099,2024,CAR,OL,00-0038537
2100,2024,ARI,OL,00-0038540
2101,2024,LV,DL,00-0038541
2102,2024,ATL,RB,00-0038542
2103,2024,SEA,WR,00-0038543
2104,2024,LAC,WR,00-0038544
2105,2024,DAL,DL,00-0038545
2106,2024,CIN,DL,00-0038546
2107,2024,DAL,TE,00-0038547
2108,2024,BUF,OL,00-0038548
2109,2024,CIN,DB,00-0038549
2110,2024,DET,QB,00-0038550
2111,2024,NO,RB,00-0038551
2112,2024,DEN,DB,00-0038552
2113,2024,LAC,LB,00-0038553
2114,2024,SF,DB,00-0038554
2115,2024,JAX,RB,00-0038555
2116,2024,DAL,LB,00-0038556
2117,2024,BUF,LB,00-0038557
2118,2024,PIT,TE,00-0038558
2119,2024,ARI,WR,00-0038559
2120,2024,CIN,DB,00-0038560
2121,2024,PHI,DL,00-0038561
2122,2024,SF,K,00-0038562
2123,2024,LV,WR,00-0038563
2124,2024,CLE,TE,00-0038564
2125,2024,MIN,DB,00-0038565
2126,2024,NO,OL,00-0038566
2127,2024,ARI,K,00-0038567
2128,2024,ATL,DB,00-0038568
2129,2024,NE,OL,00-0038569
2130,2024,JAX,LB,00-0038570
2131,2024,ARI,OL,00-0038571
2132,2024,SEA,DL,00-0038572
2133,2024,LAC,WR,00-0038573
2134,2024,CLE,DL,00-0038574
2135,2024,WAS,DL,00-0038575
2136,2024,CIN,WR,00-0038576
2137,2024,PIT,LB,00-0038577
2138,2024,MIN,DB,00-0038578
2139,2024,LV,QB,00-0038579
2140,2024,JAX,LB,00-0038580
2141,2024,PHI,DL,00-0038581
2142,2024,ARI,QB,00-0038582
2143,2024,CLE,QB,00-0038583
2144,2024,NE,DL,00-0038584
2145,2024,CLE,DB,00-0038585
2146,2024,IND,OL,00-0038586
2147,2024,CAR,DB,00-0038587
2148,2024,NO,DB,00-0038588
2149,2024,TEN,TE,00-0038589
2150,2024,LV,TE,00-0038590
2151,2024,SEA,DL,00-0038591
2152,2024,DET,OL,00-0038592
2153,2024,SEA,OL,00-0038593
2154,2024,SF,DB,00-0038594
2155,2024,LAC,OL,00-0038595
2156,2024,JAX,DB,00-0038596
2157,2024,CIN,RB,00-0038597
2158,2024,SEA,QB,00-0038598
2159,2024,HOU,LB,00-0038599
2160,2024,ARI,LB,00-0038600
2161,2024,DAL,OL,00-0038601
2162,2024,LV,DB,00-0038602
2163,2024,SF,DL,00-0038603
2164,2024,KC,DB,00-0038604
2165,2024,DEN,DB,00-0038605
2166,2024,JAX,WR,00-0038606
2167,2024,TEN,OL,00-0038607
2168,2024,NE,WR,00-0038608
2169,2024,CLE,OL,00-0038609
2170,2024,NE,P,00-0038610
2171,2024,WAS,RB,00-0038611
2172,2024,DEN,WR,00-0038612
2173,2024,SEA,DB,00-0038613
2174,2024,LAC,RB,00-0038614
2175,2024,HOU,OL,00-0038615
2176,2024,JAX,DB,00-0038616
2177,2024,LV,LB,00-0038617
2178,2024,HOU,WR,00-0038618
2179,2024,CIN,WR,00-0038619
2180,2024,DET,DB,00-0038620
2181,2024,NE,WR,00-0038621
2182,2024,DAL,RB,00-0038622
2183,2024,ARI,DL,00-0038623
2184,2024,CHI,DB,00-0038624
2185,2024,SF,LB,00-0038625
2186,2024,CIN,P,00-0038626
2187,2024,DET,WR,00-0038627
2188,2024,ATL,DB,00-0038628
2189,2024,ATL,OL,00-0038629
2190,2024,JAX,OL,00-0038630
2191,2024,TEN,WR,00-0038632
2192,2024,HOU,OL,00-0038633
2193,2024,SF,DL,00-0038634
2194,2024,WAS,DL,00-0038635
2195,2024,SEA,RB,00-0038636
2196,2024,LAC,QB,00-0038637
2197,2024,PIT,DB,00-0038639
2198,2024,DAL,WR,00-0038640
2199,2024,NE,DB,00-0038641
2200,2024,CIN,DB,00-0038642
2201,2024,SF,TE,00-0038643
2202,2024,HOU,DB,00-0038644
2203,2024,PIT,OL,00-0038645
2204,2024,NE,DB,00-0038646
2205,2024,SF,WR,00-0038647
2206,2024,SF,LB,00-0038648
2207,2024,DEN,OL,00-0038649
2208,2024,NYG,WR,00-0038651
2209,2024,NYG,DL,00-0038653
2210,2024,DET,OL,00-0038654
2211,2024,DET,DB,00-0038655
2212,2024,MIN,RB,00-0038656
2213,2024,DET,DB,00-0038657
2214,2024,NYJ,QB,00-0038658
2215,2024,GB,DL,00-0038659
2216,2024,DET,LB,00-0038660
2217,2024,DET,DL,00-0038661
2218,2024,ARI,DB,00-0038663
2219,2024,JAX,DL,00-0038666
2220,2024,JAX,WR,00-0038667
2221,2024,DEN,DB,00-0038668
2222,2024,MIA,LB,00-0038669
2223,2024,PIT,WR,00-0038671
2224,2024,ARI,DB,00-0038674
2225,2024,BUF,OL,00-0038676
2226,2024,NO,RB,00-0038678
2227,2024,BUF,WR,00-0038679
2228,2024,BUF,WR,00-0038680
2229,2024,GB,WR,00-0038681
2230,2024,DET,LB,00-0038682
2231,2024,MIA,DB,00-0038684
2232,2024,GB,RB,00-0038685
2233,2024,SEA,DL,00-0038694
2234,2024,DEN,DB,00-0038696
2235,2024,MIA,LB,00-0038700
2236,2024,ARI,WR,00-0038702
2237,2024,TEN,DB,00-0038703
2238,2024,ARI,RB,00-0038705
2239,2024,PIT,DL,00-0038708
2240,2024,CLE,TE,00-0038710
2241,2024,CLE,LB,00-0038711
2242,2024,ARI,RB,00-0038714
2243,2024,CLE,DB,00-0038715
2244,2024,CLE,DL,00-0038716
2245,2024,DEN,DB,00-0038717
2246,2024,CLE,DL,00-0038718
2247,2024,CLE,LB,00-0038719
2248,2024,MIA,TE,00-0038720
2249,2024,PIT,OL,00-0038721
2250,2024,TEN,DL,00-0038724
2251,2024,ATL,WR,00-0038726
2252,2024,NO,RB,00-0038727
2253,2024,HOU,WR,00-0038728
2254,2024,HOU,OL,00-0038729
2255,2024,DAL,OL,00-0038731
2256,2024,DAL,OL,00-0038732
2257,2024,DAL,WR,00-0038734
2258,2024,DAL,TE,00-0038735
2259,2024,DAL,DL,00-0038736
2260,2024,IND,DL,00-0038737
2261,2024,DAL,RB,00-0038738
2262,2024,DAL,WR,00-0038740
2263,2024,DAL,TE,00-0038741
2264,2024,DAL,DL,00-0038742
2265,2024,PIT,DL,00-0038746
2266,2024,SEA,WR,00-0038752
2267,2024,SEA,DB,00-0038753
2268,2024,MIA,DL,00-0038757
2269,2024,PHI,WR,00-0038760
2270,2024,NE,WR,00-0038762
2271,2024,SEA,LB,00-0038764
2272,2024,SEA,DB,00-0038765
2273,2024,SEA,LS,00-0038769
2274,2024,NYG,DB,00-0038770
2275,2024,GB,DB,00-0038773
2276,2024,CAR,OL,00-0038775
2277,2024,CLE,OL,00-0038776
2278,2024,MIN,DL,00-0038778
2279,2024,NO,DB,00-0038781
2280,2024,PIT,LB,00-0038782
2281,2024,DEN,TE,00-0038783
2282,2024,MIN,OL,00-0038785
2283,2024,NYG,DB,00-0038788
2284,2024,CLE,DL,00-0038790
2285,2024,CAR,LB,00-0038791
2286,2024,NE,OL,00-0038792
2287,2024,DEN,RB,00-0038794
2288,2024,ARI,DL,00-0038795
2289,2024,DEN,OL,00-0038796
2290,2024,GB,RB,00-0038797
2291,2024,DET,LB,00-0038800
2292,2024,MIN,LB,00-0038801
2293,2024,TB,WR,00-0038805
2294,2024,GB,WR,00-0038806
2295,2024,MIN,LB,00-0038807
2296,2024,GB,K,00-0038808
2297,2024,GB,TE,00-0038809
2298,2024,MIN,WR,00-0038810
2299,2024,MIN,DB,00-0038811
2300,2024,MIN,DB,00-0038812
2301,2024,CLE,LB,00-0038815
2302,2024,TB,LS,00-0038817
2303,2024,TB,OL,00-0038818
2304,2024,LV,DB,00-0038819
2305,2024,TB,DB,00-0038820
2306,2024,TB,WR,00-0038821
2307,2024,TB,DB,00-0038823
2308,2024,TB,WR,00-0038824
2309,2024,TB,OL,00-0038826
2310,2024,TB,TE,00-0038828
2311,2024,WAS,RB,00-0038830
2312,2024,IND,OL,00-0038832
2313,2024,CIN,DL,00-0038835
2314,2024,WAS,WR,00-0038839
2315,2024,WAS,WR,00-0038840
2316,2024,WAS,DB,00-0038841
2317,2024,MIA,DL,00-0038842
2318,2024,PIT,WR,00-0038843
2319,2024,TEN,WR,00-0038844
2320,2024,JAX,DB,00-0038845
2321,2024,BAL,DB,00-0038848
2322,2024,TEN,DL,00-0038850
2323,2024,LAC,LB,00-0038851
2324,2024,TEN,OL,00-0038852
2325,2024,TEN,LB,00-0038853
2326,2024,TEN,LB,00-0038854
2327,2024,NE,DL,00-0038856
2328,2024,LV,WR,00-0038860
2329,2024,LAC,DL,00-0038861
2330,2024,ATL,RB,00-0038862
2331,2024,SEA,TE,00-0038864
2332,2024,DEN,LB,00-0038865
2333,2024,SEA,DB,00-0038866
2334,2024,TEN,LB,00-0038868
2335,2024,PIT,RB,00-0038875
2336,2024,PIT,OL,00-0038876
2337,2024,PIT,DB,00-0038877
2338,2024,LV,OL,00-0038879
2339,2024,SEA,OL,00-0038880
2340,2024,GB,DL,00-0038882
2341,2024,NYJ,WR,00-0038883
2342,2024,CIN,LB,00-0038890
2343,2024,LV,WR,00-0038891
2344,2024,CIN,OL,00-0038892
2345,2024,CIN,DL,00-0038893
2346,2024,PIT,LB,00-0038895
2347,2024,CLE,RB,00-0038896
2348,2024,PIT,WR,00-0038902
2349,2024,NO,OL,00-0038903
2350,2024,NO,K,00-0038905
2351,2024,NO,P,00-0038906
2352,2024,ATL,DB,00-0038907
2353,2024,NO,LB,00-0038908
2354,2024,LA,RB,00-0038910
2355,2024,BAL,WR,00-0038911
2356,2024,GB,TE,00-0038913
2357,2024,SEA,OL,00-0038914
2358,2024,LV,DB,00-0038915
2359,2024,CAR,DB,00-0038916
2360,2024,LV,TE,00-0038920
2361,2024,SEA,LB,00-0038922
2362,2024,LV,OL,00-0038923
2363,2024,TB,OL,00-0038924
2364,2024,ATL,RB,00-0038930
2365,2024,CHI,OL,00-0038932
2366,2024,BUF,TE,00-0038933
2367,2024,JAX,OL,00-0038934
2368,2024,JAX,TE,00-0038935
2369,2024,HOU,OL,00-0038936
2370,2024,CHI,DL,00-0038937
2371,2024,NYG,WR,00-0038938
2372,2024,DET,DL,00-0038939
2373,2024,JAX,DL,00-0038940
2374,2024,CHI,WR,00-0038941
2375,2024,LA,DB,00-0038946
2376,2024,LA,OL,00-0038947
2377,2024,TB,RB,00-0038951
2378,2024,ATL,WR,00-0038953
2379,2024,PIT,WR,00-0038954
2380,2024,KC,DB,00-0038956
2381,2024,TB,LB,00-0038958
2382,2024,GB,DB,00-0038960
2383,2024,SEA,DB,00-0038961
2384,2024,GB,RB,00-0038965
2385,2024,ATL,DB,00-0038966
2386,2024,NYG,WR,00-0038969
2387,2024,DEN,WR,00-0038976
2388,2024,HOU,WR,00-0038977
2389,2024,PHI,DL,00-0038978
2390,2024,CLE,WR,00-0038979
2391,2024,ATL,DL,00-0038980
2392,2024,KC,OL,00-0038981
2393,2024,KC,DB,00-0038982
2394,2024,KC,DL,00-0038983
2395,2024,ARI,DB,00-0038984
2396,2024,TEN,DL,00-0038985
2397,2024,KC,DB,00-0038986
2398,2024,MIN,WR,00-0038994
2399,2024,NO,DL,00-0038995
2400,2024,GB,TE,00-0038996
2401,2024,IND,WR,00-0038997
2402,2024,NO,QB,00-0038998
2403,2024,NYG,TE,00-0038999
2404,2024,NYG,DB,00-0039000
2405,2024,PHI,OL,00-0039001
2406,2024,PHI,DB,00-0039002
2407,2024,DEN,LB,00-0039003
2408,2024,NYJ,OL,00-0039004
2409,2024,HOU,OL,00-0039005
2410,2024,KC,DL,00-0039006
2411,2024,ARI,DB,00-0039007
2412,2024,CHI,OL,00-0039008
2413,2024,HOU,DL,00-0039009
2414,2024,PHI,OL,00-0039010
2415,2024,PHI,LB,00-0039013
2416,2024,CLE,OL,00-0039014
2417,2024,DET,LB,00-0039018
2418,2024,NYG,OL,00-0039019
2419,2024,SEA,OL,00-0039020
2420,2024,CHI,RB,00-0039021
2421,2024,CHI,TE,00-0039023
2422,2024,LAC,DB,00-0039028
2423,2024,NE,OL,00-0039030
2424,2024,IND,DL,00-0039031
2425,2024,TEN,RB,00-0039032
2426,2024,TEN,OL,00-0039034
2427,2024,SF,LB,00-0039038
2428,2024,MIA,RB,00-0039040
2429,2024,ARI,TE,00-0039041
2430,2024,MIA,OL,00-0039042
2431,2024,MIN,RB,00-0039046
2432,2024,SEA,LB,00-0039047
2433,2024,ATL,OL,00-0039048
2434,2024,TB,LB,00-0039049
2435,2024,TB,TE,00-0039050
2436,2024,TB,DB,00-0039051
2437,2024,TB,WR,00-0039052
2438,2024,TB,LB,00-0039053
2439,2024,NE,DB,00-0039054
2440,2024,LA,OL,00-0039058
2441,2024,LA,P,00-0039059
2442,2024,ARI,DB,00-0039060
2443,2024,LA,DL,00-0039061
2444,2024,DAL,WR,00-0039062
2445,2024,TB,DL,00-0039063
2446,2024,BAL,WR,00-0039064
2447,2024,DET,TE,00-0039065
2448,2024,LV,TE,00-0039066
2449,2024,KC,WR,00-0039067
2450,2024,TB,LB,00-0039068
2451,2024,IND,DB,00-0039069
2452,2024,CHI,DL,00-0039070
2453,2024,CHI,DB,00-0039071
2454,2024,LV,DB,00-0039072
2455,2024,LA,TE,00-0039074
2456,2024,LA,WR,00-0039075
2457,2024,LA,LB,00-0039076
2458,2024,LA,OL,00-0039077
2459,2024,WAS,LB,00-0039099
2460,2024,LA,QB,00-0039107
2461,2024,HOU,DL,00-0039108
2462,2024,PIT,OL,00-0039109
2463,2024,PIT,DL,00-0039110
2464,2024,LAC,DL,00-0039111
2465,2024,GB,DL,00-0039112
2466,2024,MIA,DB,00-0039133
2467,2024,LA,DB,00-0039134
2468,2024,PHI,LB,00-0039135
2469,2024,LA,RB,00-0039136
2470,2024,LA,LB,00-0039137
2471,2024,LA,DL,00-0039138
2472,2024,DET,RB,00-0039139
2473,2024,PHI,DB,00-0039140
2474,2024,DET,DB,00-0039141
2475,2024,NYJ,LB,00-0039142
2476,2024,NO,DL,00-0039143
2477,2024,GB,TE,00-0039144
2478,2024,NYJ,OL,00-0039145
2479,2024,GB,WR,00-0039146
2480,2024,NE,DB,00-0039147
2481,2024,NE,DL,00-0039148
2482,2024,WAS,DB,00-0039149
2483,2024,CAR,QB,00-0039150
2484,2024,LA,DB,00-0039151
2485,2024,TEN,QB,00-0039152
2486,2024,ARI,LB,00-0039155
2487,2024,IND,DB,00-0039156
2488,2024,TB,OL,00-0039157
2489,2024,IND,OL,00-0039158
2490,2024,HOU,QB,00-0039163
2491,2024,IND,QB,00-0039164
2492,2024,SEA,RB,00-0039165
2493,2024,SEA,DB,00-0039166
2494,2024,PIT,DB,00-0039167
2495,2024,SEA,DB,00-0039169
2496,2024,DET,K,00-0039172
2497,2024,SEA,DL,00-0039173
2498,2024,KC,OL,00-0039174
2499,2024,ATL,DL,00-0039175
2500,2024,LAC,DL,00-0039176
2501,2024,LV,DL,00-0039177
2502,2024,IND,LB,00-0039178
2503,2024,TB,DL,00-0039206
2504,2024,IND,DL,00-0039207
2505,2024,CLE,LB,00-0039224
2506,2024,JAX,RB,00-0039228
2507,2024,NO,K,00-0039229
2508,2024,NYG,RB,00-0039230
2509,2024,JAX,TE,00-0039231
2510,2024,BAL,DB,00-0039232
2511,2024,BAL,OL,00-0039233
2512,2024,BAL,DB,00-0039234
2513,2024,BAL,DB,00-0039235
2514,2024,PHI,WR,00-0039236
2515,2024,BAL,OL,00-0039237
2516,2024,TB,QB,00-0039238
2517,2024,GB,DB,00-0039239
2518,2024,BAL,DB,00-0039241
2519,2024,BAL,OL,00-0039242
2520,2024,LV,RB,00-0039244
2521,2024,SEA,DB,00-0039245
2522,2024,BAL,OL,00-0039246
2523,2024,BAL,LB,00-0039247
2524,2024,BAL,LB,00-0039250
2525,2024,MIN,OL,00-0039251
2526,2024,KC,LS,00-0039252
2527,2024,NE,LB,00-0039253
2528,2024,BAL,TE,00-0039254
2529,2024,CAR,WR,00-0039255
2530,2024,BAL,TE,00-0039256
2531,2024,BAL,OL,00-0039257
2532,2024,BAL,DB,00-0039258
2533,2024,BAL,WR,00-0039259
2534,2024,BAL,DL,00-0039260
2535,2024,BAL,WR,00-0039261
2536,2024,LV,OL,00-0039262
2537,2024,LAC,TE,00-0039263
2538,2024,WAS,OL,00-0039264
2539,2024,PHI,DL,00-0039265
2540,2024,CIN,RB,00-0039266
2541,2024,PHI,DB,00-0039267
2542,2024,JAX,LS,00-0039268
2543,2024,GB,DL,00-0039269
2544,2024,GB,LB,00-0039270
2545,2024,GB,RB,00-0039271
2546,2024,GB,OL,00-0039272
2547,2024,GB,OL,00-0039273
2548,2024,GB,TE,00-0039275
2549,2024,NYJ,DB,00-0039276
2550,2024,NYJ,LB,00-0039277
2551,2024,NYJ,WR,00-0039278
2552,2024,NYJ,DL,00-0039281
2553,2024,NYJ,DB,00-0039282
2554,2024,NYJ,OL,00-0039283
2555,2024,NYJ,DL,00-0039284
2556,2024,NYJ,DB,00-0039285
2557,2024,NYJ,WR,00-0039286
2558,2024,NYJ,TE,00-0039287
2559,2024,NYJ,LB,00-0039288
2560,2024,NYJ,DL,00-0039289
2561,2024,NYJ,OL,00-0039290
2562,2024,NYJ,DL,00-0039291
2563,2024,CAR,DB,00-0039292
2564,2024,SEA,DL,00-0039293
2565,2024,SEA,DL,00-0039294
2566,2024,SEA,LB,00-0039296
2567,2024,NYG,OL,00-0039297
2568,2024,SEA,WR,00-0039298
2569,2024,SEA,RB,00-0039299
2570,2024,SEA,DB,00-0039300
2571,2024,SEA,DL,00-0039301
2572,2024,SEA,RB,00-0039302
2573,2024,SEA,OL,00-0039303
2574,2024,CHI,DB,00-0039304
2575,2024,NE,TE,00-0039305
2576,2024,NYG,WR,00-0039306
2577,2024,SEA,DL,00-0039307
2578,2024,SEA,RB,00-0039308
2579,2024,SEA,DL,00-0039309
2580,2024,PHI,OL,00-0039310
2581,2024,CAR,RB,00-0039311
2582,2024,NE,DB,00-0039312
2583,2024,KC,LB,00-0039313
2584,2024,KC,WR,00-0039314
2585,2024,KC,TE,00-0039316
2586,2024,KC,OL,00-0039317
2587,2024,NE,LB,00-0039318
2588,2024,KC,DL,00-0039319
2589,2024,KC,OL,00-0039320
2590,2024,KC,OL,00-0039321
2591,2024,KC,DB,00-0039322
2592,2024,CIN,P,00-0039323
2593,2024,KC,DB,00-0039324
2594,2024,KC,RB,00-0039325
2595,2024,KC,OL,00-0039326
2596,2024,PIT,LB,00-0039327
2597,2024,SEA,DL,00-0039328
2598,2024,GB,WR,00-0039329
2599,2024,GB,WR,00-0039330
2600,2024,BAL,QB,00-0039331
2601,2024,BAL,DL,00-0039332
2602,2024,BUF,DB,00-0039333
2603,2024,NYJ,QB,00-0039334
2604,2024,KC,WR,00-0039336
2605,2024,NYG,WR,00-0039337
2606,2024,LV,TE,00-0039338
2607,2024,NO,OL,00-0039339
2608,2024,IND,DL,00-0039340
2609,2024,DAL,OL,00-0039341
2610,2024,CAR,WR,00-0039342
2611,2024,HOU,DB,00-0039343
2612,2024,CAR,RB,00-0039344
2613,2024,SF,DB,00-0039345
2614,2024,LAC,LB,00-0039346
2615,2024,CAR,LB,00-0039347
2616,2024,DAL,OL,00-0039348
2617,2024,LV,OL,00-0039349
2618,2024,CLE,OL,00-0039350
2619,2024,SF,OL,00-0039351
2620,2024,DAL,LB,00-0039352
2621,2024,JAX,DB,00-0039353
2622,2024,CIN,DL,00-0039354
2623,2024,WAS,WR,00-0039355
2624,2024,CAR,TE,00-0039356
2625,2024,LV,DB,00-0039357
2626,2024,PIT,OL,00-0039358
2627,2024,HOU,TE,00-0039359
2628,2024,SF,DB,00-0039360
2629,2024,TB,RB,00-0039361
2630,2024,DET,OL,00-0039362
2631,2024,SF,RB,00-0039363
2632,2024,DET,RB,00-0039364
2633,2024,SF,WR,00-0039365
2634,2024,LAC,DB,00-0039366
2635,2024,ARI,LB,00-0039367
2636,2024,WAS,LB,00-0039368
2637,2024,LAC,DB,00-0039369
2638,2024,ATL,LB,00-0039370
2639,2024,DEN,DB,00-0039371
2640,2024,TEN,DB,00-0039372
2641,2024,DEN,RB,00-0039373
2642,2024,LV,LB,00-0039374
2643,2024,CIN,DB,00-0039375
2644,2024,NO,QB,00-0039376
2645,2024,IND,LB,00-0039377
2646,2024,JAX,DB,00-0039378
2647,2024,CLE,WR,00-0039379
2648,2024,CAR,DB,00-0039380
2649,2024,WAS,DB,00-0039381
2650,2024,ARI,OL,00-0039382
2651,2024,IND,DB,00-0039383
2652,2024,NYG,RB,00-0039384
2653,2024,JAX,RB,00-0039385
2654,2024,NO,WR,00-0039386
2655,2024,DAL,DB,00-0039387
2656,2024,NO,LB,00-0039388
2657,2024,PIT,DL,00-0039389
2658,2024,NE,DB,00-0039390
2659,2024,LAC,RB,00-0039391
2660,2024,TEN,WR,00-0039392
2661,2024,ATL,RB,00-0039393
2662,2024,ATL,WR,00-0039394
2663,2024,HOU,LB,00-0039395
2664,2024,DET,DL,00-0039396
2665,2024,ARI,WR,00-0039397
2666,2024,NE,QB,00-0039398
2667,2024,CIN,TE,00-0039399
2668,2024,BUF,DL,00-0039400
2669,2024,NO,DL,00-0039401
2670,2024,CAR,DL,00-0039402
2671,2024,CIN,DB,00-0039403
2672,2024,MIN,K,00-0039404
2673,2024,HOU,RB,00-0039405
2674,2024,CLE,LB,00-0039406
2675,2024,LV,RB,00-0039407
2676,2024,DET,OL,00-0039408
2677,2024,JAX,K,00-0039409
2678,2024,DAL,WR,00-0039410
2679,2024,TB,OL,00-0039411
2680,2024,WAS,DL,00-0039412
2681,2024,LV,DB,00-0039413
2682,2024,CIN,DB,00-0039414
2683,2024,LAC,WR,00-0039415
2684,2024,ARI,DB,00-0039416
2685,2024,CLE,DB,00-0039417
2686,2024,LV,DB,00-0039418
2687,2024,MIN,OL,00-0039419
2688,2024,NE,TE,00-0039420
2689,2024,MIN,DL,00-0039421
2690,2024,DAL,OL,00-0039422
2691,2024,LV,DL,00-0039423
2692,2024,DEN,WR,00-0039424
2693,2024,JAX,DL,00-0039425
2694,2024,CIN,OL,00-0039426
2695,2024,HOU,DL,00-0039427
2696,2024,NO,OL,00-0039428
2697,2024,GB,LB,00-0039429
2698,2024,TEN,LB,00-0039430
2699,2024,CLE,DL,00-0039431
2700,2024,CIN,DL,00-0039432
2701,2024,NE,DL,00-0039433
2702,2024,HOU,OL,00-0039434
2703,2024,SF,LB,00-0039435
2704,2024,TEN,LB,00-0039436
2705,2024,GB,WR,00-0039437
2706,2024,DEN,OL,00-0039438
2707,2024,DET,WR,00-0039439
2708,2024,NE,LB,00-0039440
2709,2024,DET,OL,00-0039441
2710,2024,DET,OL,00-0039442
2711,2024,DET,DB,00-0039443
2712,2024,DET,LB,00-0039444
2713,2024,DET,LS,00-0039445
2714,2024,NYG,OL,00-0039446
2715,2024,DET,DL,00-0039447
2716,2024,DET,DB,00-0039448
2717,2024,DET,K,00-0039449
2718,2024,DET,DL,00-0039450
2719,2024,CIN,WR,00-0039451
2720,2024,LAC,TE,00-0039452
2721,2024,DET,DB,00-0039453
2722,2024,PIT,DB,00-0039454
2723,2024,PIT,RB,00-0039455
2724,2024,SEA,QB,00-0039456
2725,2024,CAR,LB,00-0039457
2726,2024,NYJ,TE,00-0039458
2727,2024,CHI,OL,00-0039459
2728,2024,CHI,LB,00-0039460
2729,2024,CHI,DL,00-0039461
2730,2024,CHI,WR,00-0039462
2731,2024,CHI,DL,00-0039463
2732,2024,CHI,QB,00-0039464
2733,2024,CHI,DB,00-0039465
2734,2024,CHI,RB,00-0039466
2735,2024,BUF,OL,00-0039467
2736,2024,BUF,OL,00-0039468
2737,2024,BUF,DB,00-0039469
2738,2024,BUF,DL,00-0039470
2739,2024,BUF,RB,00-0039471
2740,2024,BUF,OL,00-0039472
2741,2024,HOU,WR,00-0039473
2742,2024,BUF,WR,00-0039474
2743,2024,BUF,DB,00-0039475
2744,2024,BUF,DL,00-0039476
2745,2024,TB,P,00-0039477
2746,2024,BUF,DL,00-0039478
2747,2024,MIA,WR,00-0039479
2748,2024,MIA,DB,00-0039480
2749,2024,MIA,DB,00-0039481
2750,2024,MIA,QB,00-0039482
2751,2024,MIA,DB,00-0039483
2752,2024,MIA,OL,00-0039484
2753,2024,MIA,OL,00-0039485
2754,2024,MIA,DL,00-0039486
2755,2024,MIA,DL,00-0039487
2756,2024,NE,DB,00-0039488
2757,2024,MIA,TE,00-0039489
2758,2024,CAR,DL,00-0039490
2759,2024,CAR,WR,00-0039491
2760,2024,CAR,OL,00-0039492
2761,2024,CAR,DB,00-0039493
2762,2024,CAR,LB,00-0039494
2763,2024,NYG,DB,00-0039496
2764,2024,MIA,DL,00-0039497
2765,2024,CAR,K,00-0039498
2766,2024,CAR,LB,00-0039499
2767,2024,CAR,WR,00-0039500
2768,2024,CAR,QB,00-0039501
2769,2024,CAR,OL,00-0039502
2770,2024,CAR,RB,00-0039503
2771,2024,NYG,WR,00-0039504
2772,2024,NE,WR,00-0039505
2773,2024,IND,DB,00-0039506
2774,2024,NYG,OL,00-0039507
2775,2024,NYG,OL,00-0039508
2776,2024,NYG,DL,00-0039509
2777,2024,NYG,DL,00-0039510
2778,2024,BUF,WR,00-0039511
2779,2024,CLE,OL,00-0039512
2780,2024,CLE,DB,00-0039513
2781,2024,CLE,DB,00-0039514
2782,2024,CLE,LB,00-0039515
2783,2024,CLE,RB,00-0039516
2784,2024,CLE,OL,00-0039517
2785,2024,NO,TE,00-0039518
2786,2024,ARI,DL,00-0039519
2787,2024,ARI,LS,00-0039520
2788,2024,ARI,WR,00-0039521
2789,2024,DAL,WR,00-0039522
2790,2024,DAL,DB,00-0039523
2791,2024,DAL,TE,00-0039524
2792,2024,CAR,WR,00-0039525
2793,2024,LAC,DB,00-0039526
2794,2024,DAL,LB,00-0039527
2795,2024,DAL,LB,00-0039528
2796,2024,DAL,RB,00-0039529
2797,2024,DAL,TE,00-0039530
2798,2024,DAL,LB,00-0039531
2799,2024,TEN,DB,00-0039532
2800,2024,LV,OL,00-0039533
2801,2024,LV,QB,00-0039534
2802,2024,CIN,OL,00-0039535
2803,2024,LV,WR,00-0039536
2804,2024,LV,DL,00-0039537
2805,2024,LV,DL,00-0039538
2806,2024,LV,LB,00-0039539
2807,2024,LV,DB,00-0039540
2808,2024,CLE,WR,00-0039541
2809,2024,LV,OL,00-0039542
2810,2024,LV,WR,00-0039543
2811,2024,LV,OL,00-0039544
2812,2024,LV,DB,00-0039545
2813,2024,LV,DL,00-0039546
2814,2024,LV,DB,00-0039547
2815,2024,LV,DL,00-0039548
2816,2024,LV,DB,00-0039549
2817,2024,JAX,TE,00-0039550
2818,2024,CIN,DL,00-0039551
2819,2024,JAX,WR,00-0039552
2820,2024,JAX,WR,00-0039553
2821,2024,JAX,RB,00-0039554
2822,2024,JAX,OL,00-0039555
2823,2024,NYG,LB,00-0039556
2824,2024,NYG,RB,00-0039557
2825,2024,JAX,LB,00-0039558
2826,2024,JAX,DB,00-0039559
2827,2024,JAX,WR,00-0039560
2828,2024,JAX,WR,00-0039561
2829,2024,JAX,WR,00-0039562
2830,2024,DEN,DL,00-0039564
2831,2024,DEN,LB,00-0039565
2832,2024,GB,DB,00-0039566
2833,2024,DEN,OL,00-0039568
2834,2024,TB,DL,00-0039569
2835,2024,DEN,DL,00-0039570
2836,2024,DEN,LB,00-0039571
2837,2024,DEN,RB,00-0039573
2838,2024,DEN,TE,00-0039574
2839,2024,IND,QB,00-0039575
2840,2024,KC,K,00-0039576
2841,2024,HOU,QB,00-0039577
2842,2024,IND,OL,00-0039578
2843,2024,IND,WR,00-0039579
2844,2024,PIT,LB,00-0039580
2845,2024,IND,RB,00-0039581
2846,2024,TB,DB,00-0039582
2847,2024,TB,DL,00-0039583
2848,2024,TB,OL,00-0039584
2849,2024,TB,LB,00-0039585
2850,2024,TB,DB,00-0039586
2851,2024,TB,LB,00-0039587
2852,2024,TB,DL,00-0039588
2853,2024,TB,WR,00-0039589
2854,2024,TB,OL,00-0039590
2855,2024,TB,WR,00-0039591
2856,2024,TB,WR,00-0039592
2857,2024,TB,DB,00-0039593
2858,2024,TB,DL,00-0039594
2859,2024,TB,RB,00-0039595
2860,2024,TB,DB,00-0039596
2861,2024,TB,QB,00-0039597
2862,2024,CAR,OL,00-0039598
2863,2024,PHI,TE,00-0039599
2864,2024,CAR,DB,00-0039601
2865,2024,HOU,LB,00-0039602
2866,2024,HOU,RB,00-0039603
2867,2024,MIA,WR,00-0039604
2868,2024,HOU,WR,00-0039605
2869,2024,HOU,DL,00-0039606
2870,2024,MIN,LB,00-0039607
2871,2024,CAR,DL,00-0039608
2872,2024,NYG,DL,00-0039609
2873,2024,NO,DB,00-0039610
2874,2024,NO,P,00-0039611
2875,2024,NO,OL,00-0039612
2876,2024,NO,TE,00-0039613
2877,2024,NO,WR,00-0039614
2878,2024,NO,DL,00-0039615
2879,2024,NO,DB,00-0039616
2880,2024,NO,RB,00-0039617
2881,2024,NO,DL,00-0039618
2882,2024,NO,OL,00-0039619
2883,2024,NO,DB,00-0039620
2884,2024,KC,WR,00-0039621
2885,2024,NO,LB,00-0039622
2886,2024,NO,WR,00-0039623
2887,2024,NO,OL,00-0039624
2888,2024,CIN,DL,00-0039625
2889,2024,CIN,WR,00-0039626
2890,2024,CIN,RB,00-0039627
2891,2024,CIN,LB,00-0039628
2892,2024,CIN,RB,00-0039629
2893,2024,SEA,DB,00-0039630
2894,2024,CIN,TE,00-0039631
2895,2024,CIN,DB,00-0039632
2896,2024,CIN,QB,00-0039633
2897,2024,CIN,P,00-0039634
2898,2024,CIN,OL,00-0039635
2899,2024,CIN,WR,00-0039636
2900,2024,CIN,LB,00-0039637
2901,2024,CIN,DB,00-0039638
2902,2024,TEN,OL,00-0039639
2903,2024,TEN,DL,00-0039640
2904,2024,TEN,DB,00-0039641
2905,2024,TEN,OL,00-0039642
2906,2024,TEN,DL,00-0039644
2907,2024,TEN,DB,00-0039645
2908,2024,TEN,DB,00-0039646
2909,2024,CAR,RB,00-0039647
2910,2024,TEN,TE,00-0039648
2911,2024,GB,K,00-0039649
2912,2024,TEN,WR,00-0039650
2913,2024,TEN,RB,00-0039651
2914,2024,TEN,RB,00-0039652
2915,2024,TEN,OL,00-0039653
2916,2024,TEN,TE,00-0039654
2917,2024,LAC,OL,00-0039655
2918,2024,LAC,TE,00-0039656
2919,2024,LAC,QB,00-0039657
2920,2024,LAC,DB,00-0039658
2921,2024,LAC,WR,00-0039659
2922,2024,LV,DB,00-0039660
2923,2024,LAC,TE,00-0039661
2924,2024,LAC,DL,00-0039662
2925,2024,LAC,LB,00-0039663
2926,2024,LAC,WR,00-0039664
2927,2024,LAC,WR,00-0039665
2928,2024,LAC,DB,00-0039666
2929,2024,LAC,LB,00-0039667
2930,2024,LAC,DL,00-0039668
2931,2024,LAC,OL,00-0039669
2932,2024,LAC,LB,00-0039670
2933,2024,LAC,OL,00-0039671
2934,2024,LAC,DB,00-0039672
2935,2024,CAR,OL,00-0039673
2936,2024,LAC,DB,00-0039674
2937,2024,LAC,OL,00-0039675
2938,2024,CLE,DB,00-0039676
2939,2024,WAS,QB,00-0039677
2940,2024,WAS,RB,00-0039678
2941,2024,WAS,DB,00-0039679
2942,2024,WAS,OL,00-0039680
2943,2024,WAS,DB,00-0039681
2944,2024,WAS,DL,00-0039682
2945,2024,PHI,WR,00-0039683
2946,2024,WAS,RB,00-0039684
2947,2024,PHI,DB,00-0039685
2948,2024,WAS,RB,00-0039686
2949,2024,NE,RB,00-0039687
2950,2024,NO,DB,00-0039688
2951,2024,NE,OL,00-0039689
2952,2024,NE,LB,00-0039690
2953,2024,NE,DL,00-0039691
2954,2024,NE,DB,00-0039692
2955,2024,NE,OL,00-0039693
2956,2024,NE,DB,00-0039694
2957,2024,NE,TE,00-0039695
2958,2024,SF,DL,00-0039696
2959,2024,SF,DB,00-0039697
2960,2024,SF,OL,00-0039698
2961,2024,SF,QB,00-0039699
2962,2024,SF,OL,00-0039700
2963,2024,SF,WR,00-0039701
2964,2024,SF,TE,00-0039702
2965,2024,LA,RB,00-0039703
2966,2024,NYJ,OL,00-0039704
2967,2024,NYG,LB,00-0039705
2968,2024,MIN,OL,00-0039706
2969,2024,PHI,LB,00-0039707
2970,2024,MIN,WR,00-0039708
2971,2024,MIN,WR,00-0039709
2972,2024,MIN,WR,00-0039710
2973,2024,MIN,TE,00-0039711
2974,2024,ARI,DL,00-0039712
2975,2024,MIN,DB,00-0039714
2976,2024,MIN,LB,00-0039715
2977,2024,PIT,OL,00-0039716
2978,2024,MIN,DL,00-0039717
2979,2024,MIN,LB,00-0039718
2980,2024,GB,OL,00-0039719
2981,2024,MIN,DL,00-0039720
2982,2024,IND,OL,00-0039721
2983,2024,NE,WR,00-0039722
2984,2024,ATL,QB,00-0039723
2985,2024,ATL,OL,00-0039724
2986,2024,ATL,DB,00-0039725
2987,2024,LA,P,00-0039726
2988,2024,ATL,DB,00-0039727
2989,2024,ATL,TE,00-0039728
2990,2024,ATL,DB,00-0039729
2991,2024,LAC,WR,00-0039730
2992,2024,TEN,OL,00-0039731
2993,2024,DEN,QB,00-0039732
2994,2024,ATL,DL,00-0039733
2995,2024,LA,DL,00-0039734
2996,2024,LV,OL,00-0039735
2997,2024,IND,OL,00-0039736
2998,2024,ARI,TE,00-0039737
2999,2024,LA,RB,00-0039738
3000,2024,PIT,WR,00-0039739
3001,2024,PHI,LB,00-0039740
3002,2024,PIT,LB,00-0039741
3003,2024,JAX,OL,00-0039742
3004,2024,JAX,DL,00-0039743
3005,2024,IND,OL,00-0039744
3006,2024,CHI,P,00-0039745
3007,2024,PHI,RB,00-0039746
3008,2024,PHI,WR,00-0039747
3009,2024,PIT,DB,00-0039748
3010,2024,LA,DL,00-0039749
3011,2024,LA,K,00-0039750
3012,2024,LA,WR,00-0039751
3013,2024,CIN,DL,00-0039752
3014,2024,LA,OL,00-0039753
3015,2024,TB,TE,00-0039754
3016,2024,LA,OL,00-0039755
3017,2024,NE,RB,00-0039757
3018,2024,TB,OL,00-0039758
3019,2024,TB,LB,00-0039759
3020,2024,CHI,WR,00-0039760
3021,2024,CHI,DL,00-0039761
3022,2024,CHI,DB,00-0039762
3023,2024,BUF,LB,00-0039763
3024,2024,NYG,DL,00-0039764
3025,2024,TB,DB,00-0039765
3026,2024,TB,RB,00-0039766
3027,2024,DEN,DB,00-0039767
3028,2024,SEA,DL,00-0039768
3029,2024,SEA,LB,00-0039769
3030,2024,LA,DB,00-0039770
3031,2024,LA,WR,00-0039771
3032,2024,LA,DB,00-0039772
3033,2024,LA,WR,00-0039773
3034,2024,LA,LB,00-0039774
3035,2024,LA,LB,00-0039775
3036,2024,LA,DB,00-0039776
3037,2024,LA,DB,00-0039777
3038,2024,LA,DL,00-0039778
3039,2024,LA,OL,00-0039779
3040,2024,LA,DB,00-0039780
3041,2024,LA,WR,00-0039781
3042,2024,MIN,TE,00-0039782
3043,2024,ARI,DL,00-0039783
3044,2024,LA,OL,00-0039784
3045,2024,NYJ,WR,00-0039785
3046,2024,NYJ,RB,00-0039786
3047,2024,PHI,DB,00-0039787
3048,2024,CHI,DB,00-0039788
3049,2024,NYJ,DB,00-0039789
3050,2024,NYJ,OL,00-0039790
3051,2024,BAL,LB,00-0039791
3052,2024,BAL,WR,00-0039792
3053,2024,SEA,TE,00-0039793
3054,2024,NYJ,RB,00-0039794
3055,2024,SEA,DB,00-0039795
3056,2024,BAL,RB,00-0039796
3057,2024,NYJ,QB,00-0039797
3058,2024,NYJ,RB,00-0039798
3059,2024,SEA,OL,00-0039799
3060,2024,NE,DB,00-0039800
3061,2024,BAL,QB,00-0039801
3062,2024,NYJ,DB,00-0039802
3063,2024,MIA,OL,00-0039804
3064,2024,MIA,DB,00-0039805
3065,2024,LAC,LB,00-0039806
3066,2024,ARI,DB,00-0039807
3067,2024,ARI,OL,00-0039808
3068,2024,DEN,LB,00-0039809
3069,2024,CIN,WR,00-0039810
3070,2024,GB,RB,00-0039811
3071,2024,GB,LB,00-0039812
3072,2024,GB,DB,00-0039813
3073,2024,CIN,TE,00-0039814
3074,2024,SEA,LB,00-0039815
3075,2024,IND,WR,00-0039816
3076,2024,GB,OL,00-0039817
3077,2024,GB,DB,00-0039818
3078,2024,GB,OL,00-0039819
3079,2024,SEA,DL,00-0039820
3080,2024,NYG,DB,00-0039821
3081,2024,CHI,OL,00-0039822
3082,2024,ARI,DB,00-0039823
3083,2024,KC,TE,00-0039824
3084,2024,KC,DB,00-0039825
3085,2024,PHI,LB,00-0039826
3086,2024,KC,OL,00-0039827
3087,2024,MIN,OL,00-0039828
3088,2024,NYG,LB,00-0039829
3089,2024,LA,OL,00-0039830
3090,2024,GB,DB,00-0039831
3091,2024,CAR,OL,00-0039832
3092,2024,KC,OL,00-0039833
3093,2024,LA,DB,00-0039834
3094,2024,LAC,DL,00-0039835
3095,2024,LA,LB,00-0039836
3096,2024,ATL,LB,00-0039837
3097,2024,HOU,DB,00-0039838
3098,2024,SEA,OL,00-0039839
3099,2024,CHI,DL,00-0039840
3100,2024,PHI,DB,00-0039841
3101,2024,SEA,OL,00-0039842
3102,2024,BAL,WR,00-0039843
3103,2024,KC,OL,00-0039844
3104,2024,TB,DB,00-0039846
3105,2024,NYG,TE,00-0039847
3106,2024,ATL,WR,00-0039848
3107,2024,ARI,WR,00-0039849
3108,2024,GB,LB,00-0039850
3109,2024,NE,QB,00-0039851
3110,2024,LA,LB,00-0039852
3111,2024,NE,WR,00-0039853
3112,2024,ARI,DL,00-0039854
3113,2024,TB,WR,00-0039855
3114,2024,MIN,DB,00-0039856
3115,2024,HOU,OL,00-0039857
3116,2024,TEN,LB,00-0039858
3117,2024,ATL,DL,00-0039859
3118,2024,NO,DB,00-0039860
3119,2024,NYG,DB,00-0039861
3120,2024,DET,DB,00-0039862
3121,2024,NE,OL,00-0039863
3122,2024,ARI,DB,00-0039864
3123,2024,BUF,DL,00-0039865
3124,2024,GB,DB,00-0039867
3125,2024,DEN,WR,00-0039868
3126,2024,NE,WR,00-0039869
3127,2024,PIT,OL,00-0039871
3128,2024,BUF,DB,00-0039872
3129,2024,BUF,DL,00-0039873
3130,2024,MIA,RB,00-0039874
3131,2024,BUF,RB,00-0039875
3132,2024,BUF,OL,00-0039876
3133,2024,MIA,LB,00-0039877
3134,2024,BUF,LB,00-0039878
3135,2024,BUF,DL,00-0039879
3136,2024,MIA,WR,00-0039880
3137,2024,MIA,DB,00-0039881
3138,2024,BUF,OL,00-0039882
3139,2024,BUF,DB,00-0039883
3140,2024,MIA,WR,00-0039884
3141,2024,BUF,LB,00-0039885
3142,2024,TEN,DL,00-0039886
3143,2024,NE,OL,00-0039887
3144,2024,PHI,DB,00-0039888
3145,2024,JAX,DL,00-0039889
3146,2024,IND,WR,00-0039890
3147,2024,IND,WR,00-0039891
3148,2024,IND,DB,00-0039892
3149,2024,JAX,WR,00-0039893
3150,2024,KC,WR,00-0039894
3151,2024,CLE,DL,00-0039895
3152,2024,PIT,OL,00-0039896
3153,2024,LAC,OL,00-0039897
3154,2024,WAS,DB,00-0039898
3155,2024,MIA,OL,00-0039899
3156,2024,DAL,DL,00-0039900
3157,2024,BUF,WR,00-0039901
3158,2024,TB,LB,00-0039902
3159,2024,DET,DB,00-0039903
3160,2024,GB,OL,00-0039904
3161,2024,TB,OL,00-0039905
3162,2024,WAS,DL,00-0039906
3163,2024,NE,WR,00-0039907
3164,2024,CIN,DL,00-0039908
3165,2024,KC,DL,00-0039909
3166,2024,WAS,QB,00-0039910
3167,2024,MIA,LB,00-0039911
3168,2024,WAS,TE,00-0039912
3169,2024,WAS,OL,00-0039913
3170,2024,CAR,WR,00-0039914
3171,2024,LAC,WR,00-0039915
3172,2024,SF,WR,00-0039916
3173,2024,ATL,QB,00-0039917
3174,2024,CHI,QB,00-0039918
3175,2024,CHI,WR,00-0039919
3176,2024,NYJ,WR,00-0039920
3177,2024,ARI,RB,00-0039921
3178,2024,MIN,QB,00-0039923
3179,2024,MIN,LB,00-0039924
3180,2024,CIN,OL,00-0039925
3181,2024,SEA,OL,00-0039926
3182,2024,CAR,WR,00-0039928
3183,2024,BUF,OL,00-0039930
3184,2024,PIT,LB,00-0039931
3185,2024,PHI,OL,00-0039932
3186,2024,MIA,OL,00-0039933
3187,2024,NYG,K,00-0039934
3188,2024,DAL,DL,00-0039935
3189,2024,DEN,TE,00-0039936
3190,2024,NE,DL,00-0039937
3191,2024,LA,DL,00-0039938
3192,2024,DEN,OL,00-0039939
3193,2024,SEA,RB,00-0039940
3194,2024,KC,TE,00-0039941
3195,2024,NO,TE,00-0039942
3196,2024,CLE,LB,00-0039943
3197,2024,SEA,LB,00-0039944
3198,2024,GB,K,00-0039945
3199,2024,SEA,DL,00-0039946
3200,2024,SEA,DB,00-0039947
3201,2024,CLE,DB,00-0039948
3202,2024,CHI,DL,00-0039949
3203,2024,GB,LB,00-0039950
3204,2024,IND,LB,00-0039951
3205,2024,SEA,TE,00-0039952
3206,2024,NE,DL,00-0039953
3207,2024,CAR,LB,00-0039954
3208,2024,NO,DL,00-0039955
